Title,Price,Shipping,Condition,URL
Dell PC Optiplex 7020 Sff D07s Computer,$125.00,Shipping not specified,Pre-Owned,https://www.ebay.com/itm/286565471477?_skw=PC&itmmeta=01K0HD0XH4RVEYRHYN14XKJV0J&hash=item42b8a214f5:g:cpUAAeSwhHRoI0vw&itmprp=enc%3AAQAKAAAAwFkggFvd1GGDu0w3yXCmi1fMm9NpZCaYrGZ3YMxz9WzGq3hpZ3EMo1yOgoyavXMj%2FjvUJvzUWLxqsi0lXSXcHifZ2oB6Jo5yPNFn9xR1w%2BB12cLEYPjW4Ig%2F53alWUHoSOJgts87Oxfdi7dgvGsd83cpiJzQUanaCvt4KGySfnspUt9fzSn0MezkUt%2BFR2gIlogG4363pYwkDw1cPTXcKIyarHTJtVdzWqD9iFjwIQTcCsdRs3qRDA0LENItrYb7sQ%3D%3D%7Ctkp%3ABlBMUIzZg62EZg
"INTEL NUC6CAYS Mini J3455 @ 1.50GHz, 2GB Ram, 32GB EMMC, Windows 10 Home",$49.99,Shipping not specified,Pre-Owned,https://www.ebay.com/itm/255912957257?_skw=PC&epid=6044444755&itmmeta=01K0HD0XH4CFKMKZ6H34F6R3S0&hash=item3b9599d549:g:wewAAOSw-cBjtuxk&itmprp=enc%3AAQAKAAAAwFkggFvd1GGDu0w3yXCmi1dvdYSKIt29sNz1Jt4uyG%2FkZXoLBvyZZFxvywqBP0Isl%2B5rgmAAlfey2O3M8rrTD4LkrJmIhfbdf2GV7hbGwZm988Sx%2FyBZxHr8ZFjTCVXFvugIQHCiXEbNKnKQQV868%2FrCOugnN1hghcN%2Bm9m4X0DDpkVKCauJ4jGy6yDzzDR2fWbYwfxiUrdV%2BVgrTN3yB3gdyOz9v%2FLxHq2tM3ouKGwcZBbIylYNbCJFLbCfPxksZQ%3D%3D%7Ctkp%3ABlBMUIzZg62EZg
HP Desktop Computer 16GB 1TB SSD Windows 11 Bluetooth WiFi CLEARANCE SALE,$279.95,Shipping not specified,Open Box,https://www.ebay.com/itm/127223363716?_skw=PC&epid=16063875229&itmmeta=01K0HD0XH4REB58M5JG6P89ST1&hash=item1d9f1a7884:g:hr4AAeSwZTVoYY3s&itmprp=enc%3AAQAKAAAAwFkggFvd1GGDu0w3yXCmi1cP2D6e9%2FJu8RJVsehF9Qq99WCZrrn2nzvUsUl9qJds5ejcvHS0Rv4YursDuyJRY2BBuTY6OiIc1Dx8HTQ7QUAqou7WOrDUgMgKgbqWaTZC%2BKx8QrKh31kxuwF%2BGQ31c7KbdqUGpdseEtDyE2znl%2F3wx6Y6aX2FThvzRUnnwy4XCp7LdEAoQX554gmz3uWnu3TfnzEFZufqpqH%2FHv%2F4JFJAVG8MRK1jac7yGTUT8JQhAQ%3D%3D%7Ctkp%3ABlBMUIzZg62EZg
"DELL Gaming PC Desktop Computer i7, Up to 32GB RAM,2TB SSD NVIDIA Windows, WiFi",$149.00 to $596.00,+$361.90 delivery,Excellent - Refurbished,https://www.ebay.com/itm/365592312255?_skw=PC&itmmeta=01K0HD0XH4WN4PREB06CWZZWCB&hash=item551efff9bf:g:wjwAAOSwEX1oIitU&itmprp=enc%3AAQAKAAAAwFkggFvd1GGDu0w3yXCmi1cH0jHWQyoskDHxMGcSIJMukI94BpPTlr2IfMexE7T5SYieugO55T8GBzs%2FTQ1VJ0bfEypAQec10xwlVEQ6aEIgnztaiuSYC5z%2F0ZQscbx%2BVARegFpPkjmZtmZ7DU1zKGNaahruwWcOv9AAYoUuZuk5V5%2Bic0KN5Vb3Rz86%2Ftq9N%2B6DvYKRstQvONrvWB8878Y1e68JEBeK2sZvNMOVNY6oXnUB04GXCVhiUHkAmtiz9w%3D%3D%7Ctkp%3ABk9SR4zZg62EZg
"Dell Desktop Computer PC i5, up to 32GB RAM, 3TB SSD, Windows 11/10 Pro WiFi",$99.00 to $299.00,Shipping not specified,Excellent - Refurbished,https://www.ebay.com/itm/304041042675?_skw=PC&itmmeta=01K0HD0XH4N18Q4BCYF5EYAPNE&hash=item46ca4222f3:g:AW4AAeSw7hZoeeFx&itmprp=enc%3AAQAKAAAA4FkggFvd1GGDu0w3yXCmi1e3CaB%2F6DuOAaE6yZv3Oxq1wP2hdrQ4IN0HDMUv2aWEc4qRq69zcJcp%2BWd%2Ff6g3O01l22FFcnH0elWlbS9smdYBBQ%2F2kyK5%2Fv1Qlh2t5tV8cb2rTdPRrDXj27hvEQdvPeDyJyUsmF63coTZ861t4q2xhEFzyHeodHI%2BdcFvWyzDflV3P%2F0R4wi29PCgQBpB%2FKo%2FHXIIADx3EIbNDBexOiLuQgjoRQ1z9AQQducTTSIzUHYdjrDr7i9fSHIo%2FjggqZBoHsFqsC3yPLPKtetEQezz%7Ctkp%3ABk9SR4zZg62EZg
"Dell Desktop PC i7, up to 32GB RAM, 3TB SSD, Windows 11/10, WiFi + BT, DVD-RW",$139.00 to $349.00,Shipping not specified,Very Good - Refurbished,https://www.ebay.com/itm/304029933336?_skw=PC&itmmeta=01K0HD0XH43KQYQCYE7WCCESE4&hash=item46c9989f18:g:2BEAAeSweANoZhc0&itmprp=enc%3AAQAKAAAAwFkggFvd1GGDu0w3yXCmi1dx52e%2BYRKxSuS3MFajGVZZPOTzFs0eMwyW6mxTeXmQOG%2FJz9J9qt6CVjH3XFEGFMk6EwkIrbxc8SKnmYdmw5U%2FV%2FktFzzHvhVz%2BPLmwiUu2lyUOMkhj1MU0m5cGChw61Kvm3jqbgzTffXfLl7F0lhi%2BOCOvNTd2Cqr8pnumN2ALG10TK5NMesQVlei329yntlbVGJJHIHNNHKLK4pDBjBDdQJCmO9RHlaexmZbtR2Dyw%3D%3D%7Ctkp%3ABk9SR4zZg62EZg
"DELL Gaming PC Desktop Computer i7, Up to 32GB RAM 2TB SSD NVIDIA GTX 1660 Super",$149.00 to $596.00,+$361.90 delivery,Excellent - Refurbished,https://www.ebay.com/itm/365682162233?_skw=PC&itmmeta=01K0HD0XH5PSZRJ89Y988KJHS7&hash=item55245afa39:g:YggAAOSwfG9oVGFZ&itmprp=enc%3AAQAKAAAAwFkggFvd1GGDu0w3yXCmi1dEUqFsw6BsPkTc8kkRa0Xy3a0dMjMs%2FfEIJVT3JO68P%2B5ymjDG8EB0jj9F%2BJpqyS%2B3LqYQL9j7x251rIrB%2F86%2FgWNo8FG3a0oYkIAPhhTLvry4J%2Boy1ETcmXR5Ef9VdCf1jAPlgztLggcI9qFHUE0pMB%2F3UUwDHzbNP4%2F0awJ5yuBcNHc1ys5ny5Hm%2FQFFBPAIvBoEghTY1U2jmSI1ZkEK17e3uRVGNDmk3KcpjeZA2g%3D%3D%7Ctkp%3ABk9SR47Zg62EZg
"DELL Desktop Computer PC i7,up to 32GB RAM,1TB m.2 SSD, Windows 10/11, WiFi","$614.28 to $1,645.00",+$323.65 delivery,Excellent - Refurbished,https://www.ebay.com/itm/365052295843?_skw=PC&itmmeta=01K0HD0XH5XA62DPKN2GQ5E8N6&hash=item54fecffaa3:g:7fcAAOSwPMBoHNpF&itmprp=enc%3AAQAKAAAA4FkggFvd1GGDu0w3yXCmi1flmoruDQM0D30ZXlEsZmiEHfYWmVjW4LSxhyOREta2xoyVOiQERpbU4VFmyL34LVTX8YCZzou78%2BNACUBmhiQCrOfHs%2FBmFgnVy5IR%2BkzcVH4O1oDsUC%2BjpcoL6vjCMso3EwakQEhGQXk%2F5wqVlIcQygODYD9mjhqUlBepioVj0u7Ycea%2Fzaav%2BtNMwzLu3JZ9BwYytmRj%2FeTq7OD2ynlbLyH8bKJ9Nl%2BLg1aA5FR%2FHkcMf2TA%2Fww%2BFz02rfr5EUSIwTxVLnIkr2wF%2Bz7nFuXa%7Ctkp%3ABk9SR47Zg62EZg
"Dell Desktop Computer PC i5, up to 32GB RAM, 3TB SSD, Windows 11/10 Pro WiFi",$186.63,N/A,N/A,https://www.ebay.com/itm/304041042675?_skw=PC&itmmeta=01K0HD0XJNTHJRMK4N7VYFR2M0&hash=item46ca4222f3:g:AW4AAeSw7hZoeeFx&itmprp=enc%3AAQAKAAAA4FkggFvd1GGDu0w3yXCmi1eRbE4%2BPPevqflYCArwr9Nn1C4leV2rSPD0XlAGz87wxaYoPXldER7ojBAVPiq9SJKIGp8YdQXXHL9CprZN%2B86gyqmM1IWRMiXZzamT%2BmnL17GZRjdznq9gTZ3ML%2B6ba%2BvtlZRz0yzBhnWbQXHFMVB8BjhZzskTouFTjZzRpTenlOAHlrmh5lKgTtb7iI7zGR2WB%2F5%2B4e8OoK3aW33kFJ5AvzRUupFBWtvoJ49AVN%2Bzvo%2Freo2oHGhHAsm27YO4w4BNnQdov7kHUiCrBm7H7lYD%7Ctkp%3ABFBMyNmDrYRm
"HP Desktop PC i7 9th Gen, up to 64GB RAM, 4TB SSD, Windows 11/10 Pro WiFi BT",$540.93,N/A,N/A,https://www.ebay.com/itm/295892569115?_skw=PC&itmmeta=01K0HD0XJND8PRSR5T7RC1DN63&hash=item44e4924c1b:g:858AAeSwHQdoYi7g&itmprp=enc%3AAQAKAAAA4FkggFvd1GGDu0w3yXCmi1fBlZJ%2Fu3tbflOFXaVSSw3JaPCHd4OA5p6UlbQ3GZj0lFQSHM7YormvLhyvhFb%2FxB057hcNSM0DUB8n%2FFr5S%2BJ2avBH7MXg7r1Rzu5kj2PlVUITrs4Ii%2FWVeYS8SGVCBFNjrcuCBsUFXiJFuUKuDt2%2Bob%2Fd1sf%2BUGZM4c7hkGb1uoO9ogcwWyEplNH4t0Q1E2DhiIfcX%2BazSgR2wrdtsDJHuf9nlQyIZn4zrgSNjYM0WnVTlwIHEkONmPOCNBwpZmRkbo3g42fHoDyCDc2d1xL9%7Ctkp%3ABFBMyNmDrYRm
"HP Desktop PC i7 8th Gen, up to 64GB RAM, 4TB SSD, Windows 11/10 Pro, WiFi",$513.65,N/A,N/A,https://www.ebay.com/itm/304762827171?_skw=PC&itmmeta=01K0HD0XJN9YHYA292TWZKK5RZ&hash=item46f547b1a3:g:lQIAAeSwvlRoazgk&itmprp=enc%3AAQAKAAAA4FkggFvd1GGDu0w3yXCmi1cJdwQUzvsjCZf6bkn502bGxPHKpH3j%2F02CPudT9HMxlHhflMFhj1HztCwxwPBB%2F3cgxmprkT%2BXu3%2FYk%2FhdzVVOWUhUuwYUL4QSu3F9n98oWa2D%2FKW2LdKLLyqcztznEwA62H6cYbqvfXEl%2ByAPhHszjGLaI4Gx16PVsXNW33UEZdUm9X4ehZNJQffyVkChKN9gJwZk8msBzY7JzwkbNMBfeVx4sT0ld5co%2BmbNsG5KXI8Ar%2BgpEFK%2FlRCc4Cc3%2FSr2OYtdHcAJM--St5v82qdA%7Ctkp%3ABFBMyNmDrYRm
"Dell Desktop PC i7, up to 32GB RAM, 3TB SSD, Windows 11/10, WiFi + BT, DVD-RW",$267.88,N/A,N/A,https://www.ebay.com/itm/304029933336?_skw=PC&itmmeta=01K0HD0XJNJKFY4K2A75Q8JHZS&hash=item46c9989f18:g:2BEAAeSweANoZhc0&itmprp=enc%3AAQAKAAAA4FkggFvd1GGDu0w3yXCmi1d2Xa9kZQ4e2iBiAe%2FhmZj1bQ0bk%2B6p%2FWXJ%2BRh3Qw6KNbMGgssGn3uS1z0Adl3mOJaVg7XYuf%2ByrUdAWEzPN%2Fs2m5VrDuMADRvbAN2LrPnf1f7XDURvlZonH7qLI6znymJmF3jkZRrVZqv0CtUixBxltxaUxHaloz68nfIZdXt%2Buu5Bq1XS72A7MeGL%2Bv46CFREibE%2BzArEPjdANyNvZqFLCW9sP4Ox092%2Frj5Im%2FouuuG0%2B393AMq5rkBhdBlvNeA4eTj8vis5kd4xn4mFTgou%7Ctkp%3ABFBMyNmDrYRm
"Dell Mini Desktop PC i7, up to 32GB RAM, 2TB SSD, Windows 11/10 Pro, WiFi BT",$234.09,N/A,N/A,https://www.ebay.com/itm/293526962748?_skw=PC&itmmeta=01K0HD0XJNQMAKVPDSGGWAVYHK&hash=item445792023c:g:PpsAAeSw3EloeJWb&itmprp=enc%3AAQAKAAAA4FkggFvd1GGDu0w3yXCmi1cvimy1V0jE%2BMBagIun7VnPlDE5Fsj%2BBbW%2FyZMSHVUbryTFADuF5BjuHoqgD8gEOtPIsWBULGhtxNYm9INA9BXjeYq%2FAfgRN6pQ9fRUh9yVY63oZ%2BHORe55b7uX2cIPe%2BAN4JtSNMTZLL3gxZPz1Fn4WtGt2%2By%2B0bi%2FJvq2Ud%2FAgg4yAulrGHQ8%2B0hs507jnMiWAIwX73bed7y1B6Y1V6eLIR%2BV9wFIRnxOryewa4GJODyRKQeLAeJGPAWPsBO%2Fr2mDOf%2BTIOJKqEaqTu54WAyj%7Ctkp%3ABFBMyNmDrYRm
Custom RGB Gaming Desktop PC Intel Core i7 3.40 Quad 32 GB SSD Nvidia RTX 5060,$766.00,N/A,N/A,https://www.ebay.com/itm/196815616550?_skw=PC&itmmeta=01K0HD0XJN8F69TMR57TSA73GR&hash=item2dd31ffa26:g:H7QAAOSwmQlnN1vz&itmprp=enc%3AAQAKAAAA4FkggFvd1GGDu0w3yXCmi1eyqq8ViWsfCpJRWMWJ2N7rYOjdQxbdDp8sh36jYVZvCR47%2FM6yionVav%2F3uSMtdPSNea39epMdttRuNIZL147tNvLMJXOSNixBEj4tePUpKfcq3MlEeLOcwZprEiJE2UO1R76ifhkqUmTwBBqAzdegPAcShRyPHyLHpt4Upmset5rnRyuH1ISyGp7Fw1%2BbakT6nfVUPuOT6TxvyCjvBRt9J3y9eAE6dXRFIVasefBL8bpWtyILnFpKHL34NRo1I3ikO6H%2B9JkOOMvcv3YAGpZI%7Ctkp%3ABFBMyNmDrYRm
"HP Desktop Computer PC i7, up to 16GB RAM, 4TB SSD, Windows 7 Pro, WiFi BT",$199.13,N/A,N/A,https://www.ebay.com/itm/302769907171?_skw=PC&itmmeta=01K0HD0XJNZ0JEEJXVYX031H8P&hash=item467e7e25e3:g:t2wAAOSwf4Rn63kC&itmprp=enc%3AAQAKAAAA4FkggFvd1GGDu0w3yXCmi1dcHx2PSUhr%2BkROOJzR7a8WBFf2OGKt7PUV0QISKBfGCnE1vm4gLdTGpxTH%2FTU%2FsRihwXDI8USo9GQY2S8Prsa5iDwpMTRpr%2BnD7JIqm%2BTxhw2yL6bfcjDnBmsugMMIM01iL3sVqFHAFqn%2BSuPt2GVBaC8B2oeNMaih1wNUX3aOBfBITOa488Yy5N6tmpAp5aqNMdJo%2FagICjtgCRCMGwtrKrIwhiZjMzXP3b8y2dJELCtD%2FEbaFwm89bwuCmGMYogJxIL9oVIWvnvql8aJQTcV%7Ctkp%3ABFBMytmDrYRm
"DELL Gaming PC Desktop Computer i7, Up to 32GB RAM 2TB SSD NVIDIA Windows, WiFi",$149.00 to $509.00,+$361.90 delivery,Excellent - Refurbished,https://www.ebay.com/itm/365693293731?_skw=PC&itmmeta=01K0HD0XH5A9YAECVN5D8YXYFM&hash=item552504d4a3:g:fYAAAOSwceloXE7R&itmprp=enc%3AAQAKAAAAwFkggFvd1GGDu0w3yXCmi1eEUz2CKQRz8vSXidK9JpRz30634os%2FEDj0dvpEyqUAtsRuZBkfAOqrBoT7k2A%2FpopED6s0jIM5GdLhE%2FIZajPxmBZ9t5SCdo9w8Zlm8RTvt2XNxD3vUxce6JEC%2B2UHaBaHIfgsSoHDlHo0HcbBj87pWuzPVuX85b2GVvIQQ9I9o0YdTYnirt1YcIXW%2BnFk2Z9ja1BRwUgxF7ABmT8SnWZpXthvNTt71auSteIq%2FrbXuQ%3D%3D%7Ctkp%3ABk9SR47Zg62EZg
"Gaming PC Desktop Computer i7, 32GB RAM Up to 4TB  SSD  NVIDIA GTX 1660 Super",$449.00 to $890.00,Shipping not specified,Excellent - Refurbished,https://www.ebay.com/itm/365521061658?_skw=PC&itmmeta=01K0HD0XH5YK6ZAMCYWNWCFBRT&hash=item551ac0c71a:g:MIIAAOSw5Ghn-Xuh&itmprp=enc%3AAQAKAAAA4FkggFvd1GGDu0w3yXCmi1fhQL3HtzO445syA6vvWweivjQrQkvolXRUdTw%2FmvN8xpBYAN5X2BR81gG9tZF%2B6uQthunBENWZx7JyJf0xG6m39%2BWd0pBSZ95QCIghKuYKAqXedMtgL5FQsGc03mGzIsjNIjupt%2Bia8WAvAgSHScUowasBfjLoigpZgtID2NXjYk4%2BH2zTk7SG%2BycV7BiZkfGwRC9gj9qbAkDkif5Lt6nNyvQFx0guul9UnFjTwmyICw%2FDdKoROVrjy70za4KQiCg64V4fD5JWT5X7F%2BnQvZUV%7Ctkp%3ABk9SR47Zg62EZg
Custom Gaming PC - I5-8600 3.1GHz 16GB RAM 256SSD+1TB HD WIFI Radeon 2GB Win 11,$214.92,+$117.35 delivery,Pre-Owned,https://www.ebay.com/itm/197542448914?_skw=PC&itmmeta=01K0HD0XH596GF8HBG35GRA6NS&hash=item2dfe728f12:g:y3kAAeSw7hVoextE&itmprp=enc%3AAQAKAAAAwFkggFvd1GGDu0w3yXCmi1cn4rf4ySpfce9IMOrIpupBGOEzR97YuXgxUJKDMR2fawthBS3XsQiss1jufdlfJ%2Ba7aVYAMQXQqcPWZNzuo3h9kp1Wo9pyvY9C4R%2BWUPyyW7LiH51Z7Jz1iSyZ0SZ%2BdJFF6hehKOSFMNuGVJfYphU6MTjPidqpDrSanvZkZZ0dDz%2ByBtTnalIK8wcNvg7hp0pppkGDHR9wq0QK00omjmrAu5EjhR52t5iNlGqj13g9%2Fg%3D%3D%7Ctkp%3ABk9SR47Zg62EZg
"Lenovo Gaming PC Desktop Computer i7, 32GB RAM,Up to 2TB SSD NVIDIA Windows WIFI",$149.00 to $539.00,+$323.65 delivery,Excellent - Refurbished,https://www.ebay.com/itm/365669633845?_skw=PC&itmmeta=01K0HD0XH5T4RS1FJX2F1GE99M&hash=item55239bcf35:g:kEIAAOSw8IFoTIPc&itmprp=enc%3AAQAKAAAA4FkggFvd1GGDu0w3yXCmi1eAhAKL7T0j6L%2FCR7xLFLAIibHVA9awAnhWaREqUYcDSlXkG8zSFbn5v8zDiJs28mnf%2FqWfYRoS4WZVnVDMiLBIcxMOTnj4sMoncnFNVORMEWBnJzQW8KWeIpiQ%2FJSaN4dGmsGJ9RJL3uZzycdAIrgN08hPFGT%2B72UH6RRIbtDx1brN%2FmPpIvoE4pTnFqR3a%2FUDklESlFR4c%2FHPq%2BZNwP2cJAG2OfQCS--0yqDG%2F6OvPTc04%2BY9qsbCktgmI4XCaAemlyEnEDj4OthSj%2FKDtJ7a%7Ctkp%3ABk9SR47Zg62EZg
"DELL Desktop Computer PC i7,up to 64GB RAM, 8TB m.2 SSD,  Windows 11 or 10, WiFi",$139.00 to $369.00,+$323.65 delivery,Excellent - Refurbished,https://www.ebay.com/itm/365119425103?_skw=PC&itmmeta=01K0HD0XH5FE67W2A92EZ4460T&hash=item5502d04a4f:g:eFsAAOSwETlnKoK~&itmprp=enc%3AAQAKAAAAwFkggFvd1GGDu0w3yXCmi1d1RMTxeXmhKMOqMN1xvz7pCmf2RsRHOwXNQGFNBgLZjWTRyEY1mziajPKTYcmkDOXgJnNndBmKzsVTujkp1eJw0%2FfZh4WiepV1qxAinbkQJuwf1qA292UreujJ2JvDkIhJ3i9mXWtjh0yFlAFohspkKUgSG7Wusi1pirG8EnKctgO9B6xaJMdQpYiSddsbNnngSmJladHqMSUrUPWXAMHfoaKPr3FHgXrhEBSY2XWKjA%3D%3D%7Ctkp%3ABk9SR47Zg62EZg
"DELL Desktop Computer PC i7,up to 32GB RAM,1TB m.2 SSD, Windows 10/11, WiFi",$125.25 to $310.25,+$65.00 delivery,Pre-Owned,https://www.ebay.com/itm/396840294062?_skw=PC&itmmeta=01K0HD0XH5W3D2968EQTWDTFS9&hash=item5c658656ae:g:NZcAAeSwFpBoblnG&itmprp=enc%3AAQAKAAAAwFkggFvd1GGDu0w3yXCmi1cb03cAaIwUx3nodF6kb5n1fo5mIQZbnmSuLGAj%2F8Drb8iiKp4VDaarfnkb%2B6plxG2%2Bpgi7p5wZdI5MDp5Wu%2Bbf%2B4RUc4sFsinf7StxHC17Ui4gnsUxB6SJWyIWluXGDgDWfN2%2Fp2v673KZ%2FvH5RW5QqarNF6s7c5VinkuEUHle5m6PmJ4KrxiORrNalVuDsBMgtA%2FRH%2Bp6p8rUIiK0TtywVkExor9rqXHa9613v4R5eg%3D%3D%7Ctkp%3ABk9SR47Zg62EZg
HP Z6 G4 Xeon 4108 16GB 500GB HDD NVIDIA P2000 Desktop No OS,$480.00,Shipping not specified,Pre-Owned,https://www.ebay.com/itm/156879173002?_skw=PC&itmmeta=01K0HD0XH59X3FNK1RRKH0AY7C&hash=item2486ba358a:g:dCwAAOSwkWNnfCm0&itmprp=enc%3AAQAKAAAAwFkggFvd1GGDu0w3yXCmi1fnSA%2FqD3tRvZ%2FzFY004uMx2OBtI0SUf5aZmuhdS3%2B9I7SImhxCucWdNVE6Df%2BfvXtcmvRExHrDEAuifDjIMfVnqKgpOseWCri2WsIyRKiRCwrcjYm2df1oHP0qu9JkogeFtORbAUgdXglETNEa2YM4zKtn8Pr275Ybk%2BtT2CF2R8D10MMx2X1ergvzuGM8qzM0DXVXdesBJTVRRKGULiaybB%2FSdhOSb3QACaTfjIOY1g%3D%3D%7Ctkp%3ABlBMUI7Zg62EZg
PC ASROCK BUILD A LA VENTA CON 3060 PNY 1TB,$900.00,Shipping not specified,Brand New,https://www.ebay.com/itm/317075478745?_skw=PC&itmmeta=01K0HD0XH5RH38ENQJXT8PMDYP&hash=item49d32bd8d9:g:Bb4AAeSw9sJocU9V&itmprp=enc%3AAQAKAAAAwFkggFvd1GGDu0w3yXCmi1fzrjbH5K2W%2FB%2BPb%2F2kpbsy74RDlQfwOv3VKJPaI%2FGi756yHlYfMHCc5Hw%2FqLoIAhaiocgPynkJR%2B0x6H0RZQVnFGW5kcIdtCVmRDCGaV9Au%2BwZJTA%2FKEPa2Iu86MvvrB5TIgoieXMH%2FodlhB7wBHdLfGRQ%2BERau8%2FZTihxjGONR14bzhN852IOnYpd6MkICitLRzxUGX9Iapow16Tgpxr55TiqKDdmz2JjxGQkTz3wqw%3D%3D%7Ctkp%3ABlBMUI7Zg62EZg
"HP Desktop Computer PC i7, up to 64GB RAM, 17TB SSD HDD,  Windows 11/10,WiFi",$119.07 to $476.28,+$348.70 delivery,Excellent - Refurbished,https://www.ebay.com/itm/365356213129?_skw=PC&itmmeta=01K0HD0XH5BNJTENMQ2TNR95RN&hash=item5510ed6389:g:nBcAAeSwO1loXuIT&itmprp=enc%3AAQAKAAAA4FkggFvd1GGDu0w3yXCmi1fuUQXzTfX5KDCCov2f4OkzxuWr58%2BQFQ5ATHQ75xPOYrrrO1SHRzCYPALLJ4E7mCweN1jKBAjR34aTHC2aiyWbP5WKeZZ32eKGGORj%2BBgODBNoHokc7rEI%2FuRFpbwjH42QZBKaPJsDkwZc13Qa6sc8vd1ZFdgNLM7zTb5bqVlLMP1G27QrULKbkD1eTCgz3vqCA%2Bzhfwx0gNj%2BXJUODug5VzvXAr6TgVE5OGG8PBVcoJCYg2R8M9lBf05XklNEyX7s9veMBfXRhPtTqpNOTHvy%7Ctkp%3ABk9SR47Zg62EZg
"Gaming PC Desktop Computer i7, 32GB RAM Up to 4TB SSD NVIDIA GTX 1660 Super",$449.00 to $750.00,Shipping not specified,Excellent - Refurbished,https://www.ebay.com/itm/365583802650?_skw=PC&itmmeta=01K0HD0XH5PATA8GQS4C06WGVH&hash=item551e7e211a:g:Ea0AAOSwi31oWbE3&itmprp=enc%3AAQAKAAAAwFkggFvd1GGDu0w3yXCmi1eOMQhBpOQ0ALpD%2F5p4JvNul2pcPbSI0gx2q7PnsWj8fRF5D1hB39lYDkiBpWaZA2aKM8ICYkGcvwH54nR9MhUVCFehwdlfxYS2VUyexvA%2FAVStvUPlKmTYYRHZauUdEh7Ex%2BKkBdhW9xX4WS2zQ3LqdLVHOVcnT4tw8geFSLpcpYfrQ4xB5T3Rcid3CkdEM30sf0cZdMqvB%2FQQrUDIKQUsC9y4B%2FR2uGUxQxdCH3HGEA%3D%3D%7Ctkp%3ABk9SR47Zg62EZg
"Gaming pc RX 470 4gb, i5 4460, 16gb RAM, Windows 11, 256gb ssd, 1TB HDD",$200.00,Shipping not specified,Pre-Owned,https://www.ebay.com/itm/336073384213?_skw=PC&itmmeta=01K0HD0XH5H2Z8RNE41KENGVTJ&hash=item4e3f88e115:g:aUkAAeSwG1poecBu&itmprp=enc%3AAQAKAAAAwFkggFvd1GGDu0w3yXCmi1dacWmFSDlsEE8vGvUT4T4IDIFAekO7H2rKhtqzW%2ByzDy%2FUHmGdPHmdsBPEpRno2UrN%2BYaiU1hSuA7vb7ygz%2F4ZnuQmlIyhCZkE7D46H6M0ZkqNNrDut54k3gYWmJJutVqx0TNK%2FoKkq0LuoINesh9EJJsdwS0AVM7e9SBBBEjn66ZU1IeC3qZPKadjS%2BaB0KR28vxvxWEjriwFUb7eTQcpA0AxGH88%2BL6vasm0yB%2BcEg%3D%3D%7Ctkp%3ABk9SR47Zg62EZg
Custom PC 160GB SSD+2TB HD Intel Core i5 2.8GHz  8GB DDR3 Windows 10 Pro,$99.99,Shipping not specified,Pre-Owned,https://www.ebay.com/itm/136146481720?_skw=PC&itmmeta=01K0HD0XH598VJAJGRNV693Y4X&hash=item1fb2f67238:g:ICQAAOSwAxpnKS0u&itmprp=enc%3AAQAKAAAA4FkggFvd1GGDu0w3yXCmi1fj3Jsw4Xoien8HYGBkzOP1S%2BsbcWyQIwaTAYq3fHzwzKy6OhLuBGeTyCDQC4FxyS%2BE9bfFULZFsniHwuE%2FOwbaTjSpwd0gs1xVBEly21D8yuxWMvTQ%2FHJfNQfK0TbUdEDvU9UzxRGMrOuj6cYdZHyqLZTFNATabN2PrHyc%2FWv03MLMXZLmTFPpbA0u6WLE%2FX110%2BzcvdIFetL5Eq1v4Ypqvc1O2ery3Fe%2BVDS2qrVchaYXl7UkEhyOY0J93zn%2BsB6NEOciEZRZbN8On5HOztBY%7Ctkp%3ABk9SR47Zg62EZg
"Gaming PC â€“ Xeon 3.5GHz, RX 470, 16GB RAM, SSD + HDD, Windows 11",$200.00,Shipping not specified,Pre-Owned,https://www.ebay.com/itm/336067025506?_skw=PC&itmmeta=01K0HD0XH5FVH3065S1R19SN4P&hash=item4e3f27da62:g:Jo8AAeSwD2RodcsX&itmprp=enc%3AAQAKAAAA4FkggFvd1GGDu0w3yXCmi1fvjme5pbRXhfiJfiPyOJk7PaFYdNAdKAueE2B3vxVJlxAqbNXHNoYBkbBaDxqVyfrGSE4Qpxo3Z44RCMQIEYdpSb%2FC31j8yYSPx9tx%2Bthfe12aaUSDTauz1zy0Nvomo%2BNdbzPHiAeLnQd1rLOnkUNDBFUP%2FbWBF7kRfjWJz4MgY9IUh%2BoSLjvXduuHS1Jf4S3h17O380ZyhMt8IzmcVG3cvAFoXHPyCl1O5x6AxdsmlS8hYM76P4v3GMblMuEzTL1Gq2J9EKw%2F7FP%2BJTYVhPjV%7Ctkp%3ABk9SR47Zg62EZg
Partially Built Gaming Pc  needs gpu psu And Hard Drive And Itâ€™s Good To Go,$50.00,Shipping not specified,Pre-Owned,https://www.ebay.com/itm/205612382679?_skw=PC&itmmeta=01K0HD0XH5FCCHW35ECFWJA1E5&hash=item2fdf73f9d7:g:QKYAAeSw8qRoctGR&itmprp=enc%3AAQAKAAAAwFkggFvd1GGDu0w3yXCmi1dEuNBcTmbq01lIQNBmf2yanqE8ZFgDvkqdIYzpWgZJLRSQq7bM3GECm1xE8y2oaa9UtLkytqyZudO40PFtm86WlTOP0mkUYP4z4SrKhCEHkeXYoVr5I6%2BMyIzX8OVeaE4VP%2F1hjMQo9ITAZ%2Fy0aKgc%2FxZS6I2cbUc7nKlvHCJwf42wWj2%2BUWBsiKsEUOXy9jfVl%2BDPxjoJ9dcjqI6FSyWpSbS7rBKPTZwu6kXI03cdlg%3D%3D%7Ctkp%3ABk9SR47Zg62EZg
"DELL Desktop Computer PC i7/i5,Up to 64GB RAM,14TB SSD/HDD,Windows 10/11, WiFi",$109.00 to $396.00,+$323.65 delivery,Excellent - Refurbished,https://www.ebay.com/itm/365454704409?_skw=PC&itmmeta=01K0HD0XH55797R3VSFHV861JP&hash=item5516cc3f19:g:oRIAAOSwvZ5oGj0i&itmprp=enc%3AAQAKAAAA4FkggFvd1GGDu0w3yXCmi1eOiz8RkwyYvn2Fz3QE%2FsSMdRYhK0ISr3pG6WMKVEmu7BYpwfsmiNEAGeuiFrqv3oqSuWuP%2BstcqSpuAlL4RSqP%2FbA8qNb8s5qAjmj%2FNGN%2Fk2yA%2FfZBpVdNK90qEs3y2AHm7G29%2FY7YjtLncpOnQYwpOxMf9CD4cauDa%2F647QfdYyIMxN9sizbUvOqaUQDFAYc7SAroXYCdliZwf63Qe%2BlUvgkxRmkiRNyppS9SjtHfr3AubXDJNJrRZBVycjGWNEptgkszHVEcWax7dDEyDxF8%7Ctkp%3ABk9SR5DZg62EZg
Custom Desktop i5-6500 3.20GHz 16GB RAM 256GB SSD Windows 10 Pro DVD HDMI,$99.99,Shipping not specified,Pre-Owned,https://www.ebay.com/itm/136146481735?_skw=PC&itmmeta=01K0HD0XH54SR2KYNAXJNJ61VQ&hash=item1fb2f67247:g:LW0AAOSw~HFnJPPx&itmprp=enc%3AAQAKAAAA4FkggFvd1GGDu0w3yXCmi1cr4g6Q5Dc76gYedcB%2Bm4tmzEG1EqZSy1nztu62lpCnB%2FcmJOtL4PsyRRR9KN16OLLW5zUgzz%2BuyWL7Uvp4lHWPnoqqG7HD3LWSxzTcpEee6jAbg1r77f66vzyEXkIjo1rII89OUC2SubHPPxW0zj8P0JUUiU8dqlvD1tEDh4emZqJcHEL1Rs9Z9UmkrYjRcC8nzD1ailcANlyyWSs2kRDhHm0OqpqU8D6jDi3luhuTDqObC%2F9U%2FLLR1IswLhscHYmYN%2F9FF%2FLDrHd4%2FkiBZEw5%7Ctkp%3ABk9SR5DZg62EZg
"Used Gaming PC â€“ Intel Xeon E5-2680v2, 64GB RAM, GTX 1050 Ti, 500GB HDD, 10GbE",$223.20,+$15.09 delivery,Pre-Owned,https://www.ebay.com/itm/365737928827?_skw=PC&itmmeta=01K0HD0XH51ZQRD4K42VM5XCZ7&hash=item5527ade87b:g:aH4AAOSwkAZoOiaP&itmprp=enc%3AAQAKAAAAwFkggFvd1GGDu0w3yXCmi1emCAlSi9%2F8OddBwP3DuorKpCAXPtylJdhIqQByKZYTUGqgtz05AtagjvY%2Fx%2FQDoG48818j3Gh%2BCUTqEjQYeg71NfGukpAPpoQlHqSaU9U1FUgjOrmdyrWYjhqQ2ggTdGJQQdxO%2FAe9Nr8x8NcO604D8vBL%2FJq3c38atAOVyJcxKsaNaPjNcOK7hkNC52inATgGaD6kEJyh8XrTJ7QCVG8DlznuUAHm15NCCPHbLoaXtQ%3D%3D%7Ctkp%3ABk9SR5DZg62EZg
GAMING PC SFF HP | i5-6600 | RARE RX6500 4GB LP | 16GB RAM | 1TB | W11Pro+Office,$325.00,Shipping not specified,Pre-Owned,https://www.ebay.com/itm/135575939723?_skw=PC&itmmeta=01K0HD0XH5JG1T2DRJR2YHZ0ER&hash=item1f90f4aa8b:g:7G0AAeSwy7tnu74b&itmprp=enc%3AAQAKAAAA4FkggFvd1GGDu0w3yXCmi1fhMMt194gvnUPuWr7XTg7g8RvYfSmzdpT%2FgxOEd6GoF0gr1ddk5DrgEcR7x9tdK%2BmczS4j%2BhFz1N9KrkHku83DfBc7Q8NevdGeb5Eqbe%2F2aUvkmNMWDJ843ezUc2hafsTk6EX3HMwWgPIcNqaLhL1HKpqBoOfTO31vyJUKybs4LZ%2FITaok%2FGhmPaokYDaP03hpEYkKmjN5EGSM19yzarkA2q%2FVqAd9vJON42br5i1Adq0VvEylT2R1tpKUmFiiGCd6mwcXdgCaP8UMOjkper%2Bg%7Ctkp%3ABk9SR5DZg62EZg
"DELL Desktop Computer PC i7, up to 64GB RAM 16TB SSD/HDD, Windows, WIFI, DVD-RW",$129.00 to $499.00,Shipping not specified,Excellent - Refurbished,https://www.ebay.com/itm/365297986474?_skw=PC&itmmeta=01K0HD0XH5STV5QBND2XJ2W097&hash=item550d74ebaa:g:xR0AAOSwZ-xn7B7T&itmprp=enc%3AAQAKAAAA4FkggFvd1GGDu0w3yXCmi1f3EsY1ljS3cDlFkF%2BlXoPd2AT0q7soZ9QMUV23Xq5QLx4wIPETzja%2BUNu2d9aUtW%2FoOvcNIilweXu%2FqWWyHvLW0RWZRRqmdE1twb%2BI1P%2F7XRLTFcm1sCTf7iBk651Uylj8bAnOS9f%2B%2B6pPG5zey2D00BzlnBDyyaqN1oWJ8DpibsJEK%2FpWKOcPK%2FMrLVvWgEWcWPX6pk9YH7e1J%2F%2BYc7T8Os0NeNuU0dNA7XsW6Pbsr6BVDh4BgNP66uczIVpBSoJQc6hCZ%2F7TUXJAGIm3Zpi8%7Ctkp%3ABk9SR5DZg62EZg
"HP Desktop Computer PC i5 up to 64GB RAM 4TB NVMe m.2 SSD, Windows10 or 11, WiFi",$99.00 to $396.00,+$323.65 delivery,Excellent - Refurbished,https://www.ebay.com/itm/365057386176?_skw=PC&itmmeta=01K0HD0XH5J6813J20D7V06TED&hash=item54ff1da6c0:g:rJUAAOSwnJFmtoLb&itmprp=enc%3AAQAKAAAA4FkggFvd1GGDu0w3yXCmi1cTtNJXcDdXSd0yqnuwuqFzk8xducmRDsyiNOuZyLKqSGXsSvQaN4BQcCldj3o5YF0k534jLh6ufpn98uGmXuxxm0JSNgsmJCPUbPmOA%2FX2%2FuFxubXe4OJXeR9B6pg3zeW74DvEw2XqiUXxfDpro96fVCwVSrJgQ63xh3GDr1aJGnaefSDUT2N9okomGShRQybSwN3HvbEPEx8EEJuU4lv8CeMbpE5XiWYGUwLLKGPYdGsL%2FWS9cYz9OnkNJ1v8zD%2FyLkVHeLJ5G9Cgqdut5%2BCr%7Ctkp%3ABk9SR5DZg62EZg
"DELL Desktop Computer PC i7, up to 64GB RAM, 17TB SSD, Windows 10/11, WiFi BT",$129.00 to $516.00,+$323.65 delivery,Excellent - Refurbished,https://www.ebay.com/itm/365252987670?_skw=PC&itmmeta=01K0HD0XH5EXWE0K5SSS6SR4BQ&hash=item550ac64b16:g:P1QAAOSwRb9ndsIJ&itmprp=enc%3AAQAKAAAAwFkggFvd1GGDu0w3yXCmi1duSYD1RaHpkXaCcAwZjdoA1t1CIRtr0LdllA90UHTcZR%2BGHH4FkZ5q4MXFHPXoqVMOvi6zmpP30ThDQAVo%2BvjwMx7HRgqVrixS8oJSXgCKaOYYOhVPzg10nOd%2FKu8Eo1let0XZ4L1GK%2Fl0f%2BVswCzrulFaMxX1no3%2FOhxuxrinKKf%2BbL9Mt1Mz7Mi%2FvMnTWMovvpboGI4QRppR%2BGzpJZ2TxKFOOYncUyviwpbtUXDjsg%3D%3D%7Ctkp%3ABk9SR5DZg62EZg
"DELL Desktop Computer PC i5,up to 64GB RAM,14TB SSD,Windows 10/11, WIFI,DVD-RW",$99.00 to $396.00,+$323.65 delivery,Excellent - Refurbished,https://www.ebay.com/itm/365360351238?_skw=PC&itmmeta=01K0HD0XH5ST45C0S7VD2Y7B06&hash=item55112c8806:g:9J8AAOSwrwZoHOF2&itmprp=enc%3AAQAKAAAA4FkggFvd1GGDu0w3yXCmi1egUFke%2FWxEgPL1C2rn1c6gcI%2B9JQJWVQMi2YZOcOLFIZujQbzgucyK%2F2O700ZTlDDrSjS17W6H6U%2B5UeZUHWM7aAqoqIT86qxV5TakyD6%2BlhNNrkx3B%2Fb7fMly%2BVzHoEzSvhHp4RU2HFrbIlB6EzbEI9jRd7Tmygmoi0sibjeUcKk7dXAH36HNe5bolIkLpvlDdmGIavoHjmZfpLdG%2B9D8OJJW0vjXLhXpeDA3PuvPWAm8234CMsYhcz4yBoQlWt8JQvK8CTsJldZr6fdLKYz1%7Ctkp%3ABk9SR5DZg62EZg
"DELL Micro Desktop PC Computer i7, Up to 32GB RAM 2TB SSD, Windows 10/11, WiFi",$249.00 to $339.00,+$278.75 delivery,Excellent - Refurbished,https://www.ebay.com/itm/365093420457?_skw=PC&itmmeta=01K0HD122P1NR0D5K21JXBE5EJ&hash=item5501437da9:g:ay8AAOSwGPpoWudd&itmprp=enc%3AAQAKAAAAwFkggFvd1GGDu0w3yXCmi1ehKjgtw1XM8obJHDBK06YHugqFMe5VSPL2ArsYwbgIUqFm9hfi8XMq%2FHy%2BPpT0J02p3EpFeLFWnnUttEP7hG3qTA21NjL2Ev1f3CRhwApGAqtenmspyJuvKsS3Vl43RwctHmHa5CSW2jcJRTNIn%2BlFk%2BzAIaHVYQoVgBfjaPmKUWi%2FCNSeCmgXI%2BHo0F0A%2F1t9Hnut6aN1wyQn2gRYlCSzAHEZgCWyWilKzhHnyZ5HTw%3D%3D%7Ctkp%3ABlBMUO6hhK2EZg
HP Desktop Computer 16GB 500GB SSD Quad Core 4Ghz DVD/CD Windows 11 WiFi SALE,$299.95,Shipping not specified,Open Box,https://www.ebay.com/itm/127234094196?_skw=PC&itmmeta=01K0HD122PEWH2SEQVHH25TAVE&hash=item1d9fbe3474:g:R20AAeSwPY9odplF&itmprp=enc%3AAQAKAAAAwFkggFvd1GGDu0w3yXCmi1ch3ux%2Fum1jv1xjp4j4B4UvJfinSX4mathmY%2B5dT17LbS5WaUjMP0ywuHMASSDfYTGVSzNHbtZG0sy0diOyYkg8lG4G1ooHRtveJhLhZVyeYEcaEnycEEo2mUW0o%2BcA1Q%2FLgLd5lIf1Efq8LixENN2OMOBBGkQzy7S2cXfWfBqBeH3E3%2F581lgVk4M0BJr%2FX2zMNCpVJBEXAOZ6O3UErH%2BWaJpbPK%2Bc6djsmdmUWgSsdA%3D%3D%7Ctkp%3ABlBMUO6hhK2EZg
Destock Gaming PC | Threadripper 2950X | RTX 5080 16gb | 32GB RAM | 1TB SSD,"$2,700.00",Shipping not specified,Open Box,https://www.ebay.com/itm/127232221695?_skw=PC&itmmeta=01K0HD122PS0XDM30Z0HSMAF1F&hash=item1d9fa1a1ff:g:X-cAAOSwDl5oJRq2&itmprp=enc%3AAQAKAAAAwFkggFvd1GGDu0w3yXCmi1fz96M5HNUSW4IEKUnW7b5dxZfnMZdOGB9xSQ5j1uCYFvlOeyPU0A0%2Bt7L2md1KSUxGpmC27TRs2DxekW%2BQaa4ctDGfQtKAxMMKPDJlcp6J%2FJyAwH4XHvLzHUWtUX%2Bbsweobxn0zT%2FHnSBlRexrZoHNfUD2GA9XPt8W6xaCOz3nofkomMKe9XwY2lWoL9%2FtpG2PdGdM8CITt%2FwHIqZRFMlcUIllOSYOGeORLVjvDdHc9g%3D%3D%7Ctkp%3ABlBMUO6hhK2EZg
New HP Z2 Mini G4 Workstation Desktop PC - Barebone,$89.99,Shipping not specified,Open Box,https://www.ebay.com/itm/325195087034?_skw=PC&epid=20052205804&itmmeta=01K0HD122P3AX9H1F42597B3NT&hash=item4bb7233cba:g:PHUAAOSwJkBihZO4&itmprp=enc%3AAQAKAAAAsFkggFvd1GGDu0w3yXCmi1dJaHIldk2qJPgX8BU%2BdSu%2BlNb4K8zt%2BtJ1zsvQ3JbUTjmyZKAmQD19ehvk%2BMMboIZJZ9ITzNAFHskkg0PLum3pENzwKXriw8j%2FUeO7QHZh56rdXtwWBpWsfJ348fnyF%2BkvAP5QdMQr6hHe1FI4fLjf0mqfptnZvX24X5SdDTNMRC3OYDRqxn7aYKqwhjC1%2FjpF8Wer%2FHTGMMSIAIg1ZhE%2B%7Ctkp%3ABlBMUO6hhK2EZg
HP Mini Gaming PC | Intel Core i5-7500 / Nvidia GT 1030 | Windows 11 | SSD + HDD,$250.00,+$35.00 delivery,Pre-Owned,https://www.ebay.com/itm/406049771203?_skw=PC&itmmeta=01K0HD122PQJF1ZAFGF29JQZF8&hash=item5e8a73cec3:g:rQYAAeSwlXdoduxG&itmprp=enc%3AAQAKAAAA4FkggFvd1GGDu0w3yXCmi1fYVNOznhoAmTd8L4EoB2KogbdplzfMU3jIRMAIlbV%2BHfOQrpXW%2FaRlzJQQR25zD79n2r4tmMFWvWsyuE2lQTKm3207LLSRa0hTAGVkp72GbvQuXED37F9nf8pT5NGo8amN7oVDnYST%2FAGTsKytPhHxmHxt4RjrmB%2F4XZCwZlyy5Hlmb7zjRY24%2BAW3FF1CRxrPKkZwEddiZJoCFoxSjx%2FA7WtUFNz5bNbFUz8l%2BDCBhQEQE95opunHSXvjI%2BkQV5kG6TDbdyWrmIbaoM11xq7L%7Ctkp%3ABk9SR-6hhK2EZg
32gb gaming desktop pc tower computer Hp Light Up,$300.00,Shipping not specified,Brand New,https://www.ebay.com/itm/387833787413?_skw=PC&itmmeta=01K0HD122P3V156AX7GV1PGWEP&hash=item5a4cb1f415:g:SyQAAOSw9Nhniola&itmprp=enc%3AAQAKAAAA4FkggFvd1GGDu0w3yXCmi1cgf76P9MK5JkN4r7OtkZOGUWZ0FtG8K1UcjqaYV1o9bhG3mwORtYWND4RxfGNCfIldT690E2wKAwz5zI93CK0c4sEmh0r4XLm8z03cPLi%2FNAc4eXkp5f3c6Gt%2B8uEiI16hiWyLXuSLghP3xVR52rY%2BoYOQ83j91ngkh3GuXEUqyWGGJbgJWsXBKTuqg5NnGQcZDqf7hYm8eSfZ2NADftnc%2FrU8iIwh7jKaz2PW3iQph3fpEX1q0NWCXLwWJEGlwHC%2FWTu43akQwkWcdttBOiCE%7Ctkp%3ABk9SR-6hhK2EZg
"Budget HP Gaming PC (i5-8400, GTX 660, 16GB RAM, 256GB SSD + 1TB HDD)",$349.99,Shipping not specified,Pre-Owned,https://www.ebay.com/itm/376265776293?_skw=PC&itmmeta=01K0HD122PJFNYAG3ZNGGWQP04&hash=item579b301ca5:g:G6oAAeSwtwdoLTXG&itmprp=enc%3AAQAKAAAA4FkggFvd1GGDu0w3yXCmi1eij6v9DzsWzR2FNz89qVSP66axikfIILriuaWDsLDwKW%2BCVW4upKZk1P92ITXg0ckFKrSLyV8Rb71ebPszzE3mg2tcuj6jXSMz3VuFi2m1xcrN6kILExXn6y%2BXSu2EtNuTOdMdPKz%2FxaGscNz1iFE6NlAO2RMNiPbIAaPBSoSyLM6HeKxlc1NQwHUUMH8Dr0pVch5uxCy05K8PQLhbpdbFWr5fP8K6SqJP4gOwPV%2F8D4jqFmfTLY8tDW8oUiANUgCW3x63ThodnU%2BA%2FoeQK0GW%7Ctkp%3ABk9SR-6hhK2EZg
"DELL Desktop Computer PC i5,up to 64GB RAM,15TB SSD,Windows 10/11, WIFI,DVD-RW",$99.00 to $339.00,+$323.65 delivery,Excellent - Refurbished,https://www.ebay.com/itm/365358441843?_skw=PC&itmmeta=01K0HD122QRVHZPSPSG7CSHRV0&hash=item55110f6573:g:flQAAOSwDbdnknaA&itmprp=enc%3AAQAKAAAAwFkggFvd1GGDu0w3yXCmi1eWsGPLrDRNXfGa3zdbIcvPmujKWQDmuaWak0EzfDSTc0lGAZsHydxshIWPMnEefHdvdoZ6cgHBsXuNPmCAXP9n7pGoY7dTbdMe1kmksNiuj4lsJrLDF67FdCU%2BKfT9Hxg1UrHNMyAouJC9GklV7Sar%2BQo6p2RAPj%2B2czPva5egu4VQe9L8Jng86Yx0GkaxrCMNhoJkugEFi5RnavivHb%2B9L97Cyp48ermY01q2J9aNbQ%3D%3D%7Ctkp%3ABk9SR-6hhK2EZg
Custom Build Gaming Desktop PC Computer 16GB RAM RGB LED CASE WIN 11 PRO SSD+HDD,$279.00,"+$1,569.93 delivery",Open Box,https://www.ebay.com/itm/394861250975?_skw=PC&itmmeta=01K0HD122Q2P6JQVRY97BB401C&hash=item5bef90899f:g:Jz0AAOSwXA9ljxUr&itmprp=enc%3AAQAKAAAAwFkggFvd1GGDu0w3yXCmi1dQvwahUVfLdBCs3TbWArYd8nF2OoLydMoBTlNmVeFgEB73G8%2Bne7xKu4KTm8Cia3jxhzznkV3NZcnaF3QlVn%2FrFG8OE9eHoRwGCf6%2F8yFLJ1f0qnEchGTkrvrL4CeZxpdABVmEHmsXcwAM9XsBtlKWTpBcH1%2FhogBGGnbU7YLjK0t0%2FuuaSlvNC%2FHAckRA1o8kAuJajiB%2B9fHXMUTo78Birmr1SwqZJPf1HdDJIxEt2g%3D%3D%7Ctkp%3ABk9SR-6hhK2EZg
Gaming Computer PC INTEL AMD RX 550,$196.00,+$30.00 delivery,Pre-Owned,https://www.ebay.com/itm/116685699292?_skw=PC&itmmeta=01K0HD122QSCR293CMWGF5FHMD&hash=item1b2b0278dc:g:9KoAAeSw7H5oYUj2&itmprp=enc%3AAQAKAAAAwFkggFvd1GGDu0w3yXCmi1fE26v%2FxaBOEpCI%2FbtPJ3w0%2F7XzgP1XJRHsw%2FHldfW0VspPXj699CYqJ88hhmAkGdQO4rr1jZc5OSTlE2B4bmlG2SFU6%2FdirLgHdo3JqWqcARX8WeIW%2By6WFf3ISNNJD9OnpculTh6LZq3DucbFqfT9J8yvvOOWHMag%2BVzS4KB4XA5iczhn2vAviku6KGloS5IkfRZPsvuDpVt4U65wH6V01BsojbIofXSKl%2B%2Frm7YSsg%3D%3D%7Ctkp%3ABk9SR-6hhK2EZg
"Dell Gaming PC Desktop Computer i5 7TH, Up to 64GB RAM, 5TB SSD,NVIDIA Windows",$129.00 to $439.95,+$323.65 delivery,Excellent - Refurbished,https://www.ebay.com/itm/365546698097?_skw=PC&itmmeta=01K0HD122QVF07BDRS0V9P8MQ1&hash=item551c47f571:g:RfUAAOSwrFFoAqO9&itmprp=enc%3AAQAKAAAA4FkggFvd1GGDu0w3yXCmi1e03%2BsjBOUV0SNFTpF77PMGn7aj1pjfctemy9JHRIZGqW7khQk0nSj14PRkJo1K2pyWVvTPrwUUyyWCGETDE8tWmnmgxV%2BJ9cRnlILqcVdcAYexnoTGH%2FpgO%2FqBxMo02E7%2FinJfm1JBMUtkXEmkWNKGZQmpXxAYpChsY3%2FTmJsc5ItgQIrl5H8tM7JKHhghRGoAavddht3ApTT92LCD%2BzusHHrVkfoYh5iI9W5cZyTgTAmEmirxnmfe4Z4CumkhAZniT8MWck5NkE%2B9yzVttHAN%7Ctkp%3ABk9SR-6hhK2EZg
PC Intel i5 4460 Gigabyte GA-H81M 8GB RAM 256GB SSD. Full computer with no case,$150.00,+$1.00 delivery,Pre-Owned,https://www.ebay.com/itm/126974203102?_skw=PC&itmmeta=01K0HD122Q40NVY4F1C6YTBCJC&hash=item1d904094de:g:EZQAAeSw10BnxsLO&itmprp=enc%3AAQAKAAAA4FkggFvd1GGDu0w3yXCmi1ewlOB5cpiPEmaxkivibXs39oGadh0BOYP544DdmKjeKc0kXRWoDDrYu70Hyyv%2Bm3yF00YiQ8lmLyCYFn3PY1WDoB5LxVWVG3HH%2BKUueZTZjfD6aRigKE4TU3tPS5QrlaugzUntmcr1RQXFRJr8%2BxFcy%2FL5nbtg5aaM91K1aW7utITgqgGw3ydDEJCCBgM3bj2Rm9oXLuoJutivhtGqXoQPaumaeMcps6eMlketJSp3VUq8PLPv2Up0zEC67s9TIQBpm%2FKvPDHJl7Bm6Qgvuylr%7Ctkp%3ABk9SR-6hhK2EZg
"DELL Desktop Computer PC i7, up to 64GB RAM, 8TB SSD, Windows 10/11 Pro, WiFi BT",$129.00 to $555.45,+$361.90 delivery,Excellent - Refurbished,https://www.ebay.com/itm/365206745206?_skw=PC&itmmeta=01K0HD122Q9MXK7CY3X7XY0BEH&hash=item550804b076:g:HGMAAOSwEBdn5wE7&itmprp=enc%3AAQAKAAAA4FkggFvd1GGDu0w3yXCmi1c81PVIZlEyiJT7gzC1vGy21wXpHv5UGdnCZIqyUy948lSzjrfwOvSIFTlT1wTxPQEMMcztNCWYpJG47PO%2Ba7xPlQjuq4OWHB8SmBuNc8PrAoQ2Hu3z7nBHKLdrHGEFXECMZ5zHFzEvALAmS1gM4DEAEEySCggOFBfrFgq3TFmd%2BlcCumMB6QUqQXGBRekBgtAqjwsSEY43EwE3w%2FDljNkln3XSWTpmd7kWzJsZwcKCdA21FujECl7Cs2gcwzAiuT4oV%2Fp%2BOmLDieIOatsmgWBA%7Ctkp%3ABk9SR_ChhK2EZg
"HP Z440 Workstation Xeon E5-1650 v3, 3.5 base, 32GB Ram, 256 gb nvme, 500gb ssd",$250.00,Shipping not specified,Pre-Owned,https://www.ebay.com/itm/135782791520?_skw=PC&itmmeta=01K0HD122QN1EGJCARNDK6DXK8&hash=item1f9d48f960:g:ijgAAOSwm~VoIOj2&itmprp=enc%3AAQAKAAAAwFkggFvd1GGDu0w3yXCmi1dkbdiLGsrDcsHQslys5h9te67TQNs1eY5J47egUscXeG49T8Gy6rVsaDl4BEH6pAD98qgfQ9te29u%2FCjV1CnahkkqC3mkDAZIhDjRkSEEG9%2BZHGTdlR2fCDfy42HJzfHej5017woXe%2BqhFhbXOPYiPX7GvLyuu3DKrQeZhusasClFSXa2xTWmyaHh8udMsyHcOMnNhGtwI5lV2zF58NTkMFBMfj3MhnTnmY6dQ43qvnQ%3D%3D%7Ctkp%3ABlBMUPChhK2EZg
Dell OptiPlex 7070 i5-8600 16GB RAM 256GB SSD W11 Pro AMD Radeon R5 2GB GPU,$190.00,Shipping not specified,Pre-Owned,https://www.ebay.com/itm/167654371810?_skw=PC&itmmeta=01K0HD122Q2V85N2X90HHQHK4R&hash=item2708fab1e2:g:oiYAAeSwKxpoeX10&itmprp=enc%3AAQAKAAAAwFkggFvd1GGDu0w3yXCmi1ddIraS6K42VtVLnTZgHivRKJ3vrZB8tlJmYzhzi2z0uwbALD0yeiBX9bp3KgxXW2h6Q79NmDB6DDGdmRo8xKOy9hVkaMyt3GPxIVfN00u3I7Lg4z0FhCY2OQE%2FQMUn85Luse38gmgJvo3l6juW%2BHjktguC5UEIeEvNKrgYcb9stphk7NGbQMIy1FWvGUWFS0vFlnpDM41C1s8IMQbqK9iuQASNGWrHtiO9Y8qSJoJwHg%3D%3D%7Ctkp%3ABlBMUPChhK2EZg
Windows XP PRO SP3 32bit Computer Desktop PC - RS232 Serial Parallel DVDROM 9PIN,$79.99 to $129.99,Shipping not specified,Pre-Owned,https://www.ebay.com/itm/335484728473?_skw=PC&itmmeta=01K0HD122QBA9YP04C16AHX51D&hash=item4e1c72b499:g:a64AAOSwi3Fgypi3&itmprp=enc%3AAQAKAAAAwFkggFvd1GGDu0w3yXCmi1eYqM91Kquj6i61c9GBMu%2FSEggbEbkwqvJWQVG1CKdhqkzx9MEGXr2GbIv%2F9WYwhvQ2pqXfonU%2FXcviZEyr5tOKF4y70wXxn66QxWX4CCe3JK5V9l1E5VykVU9rq1tLb5N2I0hNuozxqZ1xxBGKrgW0X4E5nPv1vRqkiat46GYoTUjBUoExhBXW311pnTWM6ViezwEZ2ArNpfm8U0WeeCNQEhJLDyNUHY4hFjhCPrbGpA%3D%3D%7Ctkp%3ABlBMUPChhK2EZg
"HP Desktop Computer PC i7, up to 32GB RAM, m.2 SSD,  Windows 11 or 10, WiFi",$129.00 to $392.70,+$278.75 delivery,Excellent - Refurbished,https://www.ebay.com/itm/365075815713?_skw=PC&itmmeta=01K0HD122Q1BYA13EAFF4XPMGD&hash=item550036dd21:g:DMkAAOSwQ0tnBton&itmprp=enc%3AAQAKAAAA4FkggFvd1GGDu0w3yXCmi1du6NFdV9E1eFAtnEpKd7AVp5ngML%2FWF9kZlzIx5vSKNTTNHIaWGtuW9QxFn4qLETPSXpMOR%2FCMVCSEl5oEbleI%2FBEPPYlv3%2BoI%2FhCKklXmuBO5oVlnObXs2Asmne0%2B8Bg3wp2vehple2ENtpAG2ElnEtUvUFFF7idARLamLc8ot7mKv8FtzW0YoSJYHWVcrJ%2FS7yMvIJaOlirvZxXFYxF2Qb5tcCDytfRmn8kheZdBqzvT3tPFgzSIM3w6sHpn5khvXoOGUdJ2NoFi1PS7HrGy%7Ctkp%3ABk9SR_ChhK2EZg
"DELL Desktop Computer PC i5,up to 32GB RAM,1TB m.2 SSD, Windows 10/11, WiFi",$128.25 to $313.25,+$65.00 delivery,Pre-Owned,https://www.ebay.com/itm/396869851001?_skw=PC&itmmeta=01K0HD122QD6D83XEYJSWR7NZ0&hash=item5c67495779:g:dWAAAeSwVq5oeNH3&itmprp=enc%3AAQAKAAAAwFkggFvd1GGDu0w3yXCmi1cAbySO1g%2FpmGk0wT7acu6jIA4MWa8ivtxkfWneo%2FuNiRkIXpFSt3ojW610290H0x%2B889nokP1D%2FlSWaYu%2FUEH%2B74Va5yET8PnmEIuyAS5rlJFojckV5O1S6Ad%2BFSsPjECH4ZSpSiazVWZCzEec5Q2WCs%2B6LggaFd0wOsGqr2RjTwWEH8DbIZmJM%2FfKF62jvVp0zKF3L6ZAO5CdgAMlId5XFzJ%2Bc408vmGZp9SzYLSd9w%3D%3D%7Ctkp%3ABk9SR_ChhK2EZg
"DELL Desktop Computer PC i5, 16GB RAM, Up to 2TB SSD,Windows 11, WIFI BT, DVD-RW",$139.00 to $359.00,+$323.65 delivery,Excellent - Refurbished,https://www.ebay.com/itm/365441733725?_skw=PC&itmmeta=01K0HD122Q8YK97VAMEQHGG23P&hash=item551606545d:g:IF4AAOSwAO5n2dJE&itmprp=enc%3AAQAKAAAA4FkggFvd1GGDu0w3yXCmi1cILe%2B2%2BYZ7FWv3TqzoXTm7Bx8m2dmUb4MXhYwjdir%2FI3mho%2Fi5aToLGbFzA7PXqBTb2eQ14TRxzU9KjIRy2JY3Wc3USHKtr9za5gr6LPYhMuQb4ibPdMO1zvQcdfjJzrI235AsBOyAodrZmI2DjfgZ9AN4a4avi%2Fz%2BPH6d0qlSR%2BWglTxFeziPJvmy0vWAN7UrYGzvSx5OIzo7kzwgrcdIobbzxyn7Wua2NAzDEMSEngX%2F3bQyMHq8YEJavYDS8KemLucvssMrpfQsjmIr2m1v%7Ctkp%3ABk9SR_ChhK2EZg
Assembled Computer Core I3 16GB 240GB Windows 11 Pro Office Use HDMI PC,$337.83,Free International Shipping,Brand New,https://www.ebay.com/itm/226862550581?_skw=PC&itmmeta=01K0HD122QX1853WFPZYFGAX8X&hash=item34d20fce35:g:rlMAAeSwW6locP8p&itmprp=enc%3AAQAKAAAA4FkggFvd1GGDu0w3yXCmi1e7eiP%2FZNSKKlQVDJbr8Rw9ufWE8xjLmBKG%2BtgK3M4hv%2BNdN77T3q%2F4zFEMis5Bgi9LbdHMMKgyRxoGVsfMyvPk3wbJ4vODO6fDwSZ4euyXeIP16rdeoPFDEtdG7eK%2Bzm6d23UUwt4MM48Tt0J9qLVz%2FLAIgE2ziDap%2B1AqeRkf32ofJ4vnF5w9kOmXAf7wH8ekUqBFqPmniV%2FxLV4jncYfT0O7%2Fc1zxuwqQc3cvqyNKxVHdBkxX4b0QvOrHjQDZiK6G8MFSfquBm%2FpCcUAbN0K%7Ctkp%3ABk9SR_ChhK2EZg
Dell PC With Upgrades  Barely Used Comes With Power Cord And HDMI Cable,$85.00,Shipping not specified,Pre-Owned,https://www.ebay.com/itm/376355410185?_skw=PC&epid=23054751922&itmmeta=01K0HD122QNX5YE7TA3TPCKM7C&hash=item57a087d109:g:S1QAAeSwul1oVhmD&itmprp=enc%3AAQAKAAAAwFkggFvd1GGDu0w3yXCmi1eWCYLTgWIcNk%2Bb1OOE41%2BTJAQKO3RuIcqOBzn%2Blnm1z%2BZxx26KJJtncGEeyqibLiIi%2FkcywC%2FM8vSqqxQeeZAT0MOVNEhCZLEpS24AfwNpA2lwYcORnjhYec8YPn2z3I86dv553EWz1weszK8dT63uEW3ojGImgn8IC3BELSvuRZ7Jvg9dhRaZUDH6s1bSybptIiO2lFqPYd7z%2F1sZBYp4jcgUg3yxIKG8x1BMS%2FRXzw%3D%3D%7Ctkp%3ABk9SR_ChhK2EZg
Cheap gaming computer PC GTX 750Ti,$115.00,+$50.00 delivery,Pre-Owned,https://www.ebay.com/itm/116687149469?_skw=PC&itmmeta=01K0HD122QTZD5DZABK0VKM1SK&hash=item1b2b18999d:g:TOIAAeSwmUhoYAug&itmprp=enc%3AAQAKAAAAwFkggFvd1GGDu0w3yXCmi1e4DTOE0U6L4Lxkm8FbeRjGS5e2vIHtqdun3HQ7f9JwbssUiUcAg%2BCNynNkIO299m0JdS6Ol%2Bpn9ligGU%2BgdZTB%2BOJxrB8SI6nzduBrd1dxKRy4j4ySyWwb1sw1H5sVRIL3pSXeOB7%2B1LvPj3F0t5OQKAhKZUWDZmU404%2FCsw%2FtFQaM1M6pVDTX5PvUfVnUuJ49UaAdC%2BO%2FDN1WA9K1BdaUR%2BGnbSziRS188M5Smid5eA%3D%3D%7Ctkp%3ABk9SR_ChhK2EZg
Desktop Computer Q956 I3 3100 MHz 8GB DDR4 128GB SSD M.2 USB 3.0 Windows 11 V340,$88.35,+$48.59 delivery,Pre-Owned,https://www.ebay.com/itm/316443188931?_skw=PC&itmmeta=01K0HD122QF2SQJFNBAZ88Z7Q7&hash=item49ad7bdec3:g:pPoAAOSw9AhmpkJN&itmprp=enc%3AAQAKAAAAwFkggFvd1GGDu0w3yXCmi1eSQFEMFU6D2foBmVvl%2F4r4KlM3tTwJAo2dKK59j8a4zfx7El6rNaa2OW5OYmQdu5bnWODcV5ZUe%2FlhGbOxNR%2FRkUksau9A2%2BWzB61yAmepRH1serYskqkJj%2F0vS9gyf5hwKK9Pd7ssGFc%2FS%2FJBdBlPZ1hP3X5ppA6%2F9662o3MZW4Rygok2tQDr6empghfr7JtRrXTPWcxxnss7W2AzZ9KulIuO5DW1fFFLdP8McsQRDw%3D%3D%7Ctkp%3ABk9SR_ChhK2EZg
"DELL Desktop Computer PC i5,up to 32GB RAM, 8TB m.2 SSD,  Windows 11 or 10, WiFi",$129.00 to $349.00,+$323.65 delivery,Excellent - Refurbished,https://www.ebay.com/itm/365053900938?_skw=PC&itmmeta=01K0HD122QAVYKBKYY29WDD16M&hash=item54fee8788a:g:wqcAAOSw8m5nROBN&itmprp=enc%3AAQAKAAAAwFkggFvd1GGDu0w3yXCmi1cN3t7c2raiSMvkjOExOBfbX99eOh8I32E5lrpVSPOC4I3sWcCcX83D4LO4IyIej9zJpeD4lgrtmvqgzlLZsdOucUesdTMcL3RgErjJlLugHpYJ0bsvqTCfPgpM%2Fsueip%2FXHsHav%2BqxYBWGFcE%2FOVA5tey5TcNY1GmJMDBThCslKUITG9qMl0hMj%2Fv1HpNuV0nlol7Xjdw7yPyB227qrrL9FlBmCWkX5dXGDhWF7VNptQ%3D%3D%7Ctkp%3ABk9SR_ChhK2EZg
ðŸŽ®Gaming PC Desktop Work Computer Streaming: i7/16GB/500G SSD GTX 960~AMD R9 270,$249.99 to $309.99,"+$1,730.08 delivery",Pre-Owned,https://www.ebay.com/itm/334800687745?_skw=PC&itmmeta=01K0HD122QRHEV0EJCJX20FC6H&hash=item4df3ad1281:g:DlIAAOSwbexmoJuO&itmprp=enc%3AAQAKAAAA4FkggFvd1GGDu0w3yXCmi1e3oL5JfZSC2qw%2FXxSSn6yhWoQrbCjGC%2FAoM1Tt3wos9u57xIIPpxxvdTUykRhk9i775TFT51QZ20C9TYrnPxRVF%2BbAZlWyi6auomFg0W%2FDFgkiFtA%2BsMswwyJ3WZ21brZi%2B4kiF4A3p86y%2BAfKiIIVF%2FNuq3hSuwU1o6F2TUe8EVjamaijXLz3hZXJdvJX9TZE59iVqhacPqmw4NJw1f%2F%2B42NgLx3Io92WDYGK4ojox5tw9lResgJDzWjwxTxaI3kTn1Ahj0iQcHCFNQ3Z26Qp%7Ctkp%3ABk9SR_ChhK2EZg
"Dell ECT1250 Tower Desktop PC-Intel Core Ultra 9 285K, UHD Graphics, Windows 11","$1,539.00 to $2,589.00",+$145.00 delivery,Brand New,https://www.ebay.com/itm/267296940937?_skw=PC&itmmeta=01K0HD122Q4PJZA9XEM6FC10YF&hash=item3e3c23a389:g:KWgAAOSwsmxoUTqo&itmprp=enc%3AAQAKAAAAwFkggFvd1GGDu0w3yXCmi1cNtZfl8%2BNdfYEJ61uKL%2FeHv4fmpKwwfsqdwjZePdoiHbWP4g8lTg4ZEiquagWoE%2Fbv%2Bqax89sVASv3ktKblHmPmJ2%2Bh0ZN92mChb3LqEoy0jfP89pB1oVXHv6sLeSuiJqzEDxIWX2vRYHZc4w7eqJ4P3A%2BGbzgdnozchtBDAfuciDUSE6LSMi8SHBxraFH3jm2pbZ0v%2FUPSVfi%2F5RnnG6qvmI8Bb8oajn50NdVe%2BovhQ%3D%3D%7Ctkp%3ABk9SR_ChhK2EZg
"HP Desktop Computer PC i7 6TH,up to 64GB RAM,17TB SSD HDD,  Windows 10/11, WiFi",$139.00 to $556.00,+$348.70 delivery,Excellent - Refurbished,https://www.ebay.com/itm/365356354746?_skw=PC&itmmeta=01K0HD122QN5K6A9NZ12QQXD6A&hash=item5510ef8cba:g:lz8AAOSw44lnkAQG&itmprp=enc%3AAQAKAAAA4FkggFvd1GGDu0w3yXCmi1fMEGHMQ4y%2B9fGY%2FPisdYG7qQCpedGjoxwBiMMMhmsRfCDLVrAk6NIMfeX482Z7K%2FJOqxE7P6DCFWEi55wD8MyHwfXRHbnzTDQQzig7%2BU1eX3lX%2Fv09u2CCHoEE47tbLGzIKW0P2cUgomb5%2BQNnOe%2F5uX4vFa48smGIAegZsuGMHis8BMMB5RR%2BvW2N9AkaQ1zX9luMxREPh7fZm9p%2BaKy5eJYZC2ozwwMEDOf7Ms5jxzmQnAlzMoxGLstRFWZHd3uKXk59SbeSsAwImvIiP6Tm%7Ctkp%3ABk9SR_ChhK2EZg
"DELL Desktop Computer PC i7, up to 64GB RAM 17TB SSD HDD, Windows 10/11 , WiFi",$129.00 to $515.76,+$361.90 delivery,Excellent - Refurbished,https://www.ebay.com/itm/365213672465?_skw=PC&itmmeta=01K0HD122Q1MMATB82E1GMCXA4&hash=item55086e6411:g:ZBUAAOSwczpn7Azz&itmprp=enc%3AAQAKAAAAwFkggFvd1GGDu0w3yXCmi1eIoQWw6dYAsrIaIqePE2cM0LSuXNdFNIIzS3ePW0NS1HjVDdvm1gPxAKc4HO17I4udmy3ZZff5FBOujmPx0zJk1wM4v2nLRlXKnFrmrQv3BqBBKIImGvH8xQWVCAPHRxKPbQlvmi7MZa3g%2Fi4Y4sOvFCNHK2aHIbnOoHOwz2fy5QrqRnJPFUYtJWnu4VrV6QL69TcB6gKb8mou2HlNRd1owp%2FgV%2FUpOopswDwo7HT%2BYQ%3D%3D%7Ctkp%3ABk9SR_ChhK2EZg
"HP Gaming PC Desktop Computer i7, 32GB RAM, 14TB SSD/HDD,NVIDIA Windows, WiFi BT",$179.00 to $429.00,Shipping not specified,Excellent - Refurbished,https://www.ebay.com/itm/365441651234?_skw=PC&itmmeta=01K0HD122Q4QQV5XBEJR0YX818&hash=item5516051222:g:ZCIAAOSwi8pn~Vwg&itmprp=enc%3AAQAKAAAAwFkggFvd1GGDu0w3yXCmi1fWo55amjFIpcAo8sc8y%2BBB2F5uiSaEa6s4p2tCmtkwIsNE9tuchcvDLHJuXUryGlqaK9EPMWV9ZHB0eFS2PpuVG1ZHpUsUWX%2FYxZFWecxBMN4Dulm0GSx%2FHVhRqbViMeY0rkQmtk%2FTYdpEXGtsaGkaNcID5GI1Da7%2BytICsw5hDF6LKUqe1m%2FkZNmYQX5MrILhIU6YWRioliAn5g0A4pJLcOZBnw%2B%2BhzhEFpklxPwSiA%3D%3D%7Ctkp%3ABlBMUPChhK2EZg
"HP ENVY TE01 |  i5-12400| 12GB RAM | 512GB M.2 SSD | Monitor 27"" | Win 11 |  PC",$499.00,Shipping not specified,Open Box,https://www.ebay.com/itm/306370137172?_skw=PC&epid=3075033310&itmmeta=01K0HD122QEDFFMBHC87EWRAW4&hash=item4755154c54:g:oloAAeSw6rloXbIK&itmprp=enc%3AAQAKAAAAwFkggFvd1GGDu0w3yXCmi1e2ufQCLViCIleov2AAGkgV0I8OtNIlh9iC8UORKYK2e6Gb8xkJrqV0GxZXWwf22bXm6QdYzSHbVNkk7hXgxBmPx7X2upeqZ3Pah8eiEkL3mVsolsk5FBgvoAtWqdOBO5G8g6CYPn0UygOkOdYiRbxz87P4vG4dmmA22Td44MkPoNI5LmaYRL6MOK9Q5P%2FlvgLbsu8owEslOO4n2WW%2FHXeo54cqpK5ngyK0J8uUPwR0HA%3D%3D%7Ctkp%3ABlBMUPChhK2EZg
BRENUC C14T MINI Gaming PC INTEL i9 11900H 16GB DDR4 RAM 512GB SSD WiFi 6 Win 11,$339.00,Shipping not specified,Brand New,https://www.ebay.com/itm/286642186586?_skw=PC&itmmeta=01K0HD122QQG3YC0GXDXHS74JG&hash=item42bd34a95a:g:lqMAAOSw2CVoSVNJ&itmprp=enc%3AAQAKAAAAwFkggFvd1GGDu0w3yXCmi1cG9LXN%2Fk2Eq3raQiOC3nW1hqnwpPTt70iWY%2F9mUUlHTrrWOx5uKKa0yMwKotiL5xbil2s169%2FyAWxeZXLkn45SB4cWYYUfeC3g0zYDNU1qzUm1S5vl8oy6%2F1Ucd5hB7rAri6702DOXpEzbvdrdRq2kTbxf7gunl4LnluKoLIRw466bQ4KwYZSYY%2FmHarUsyxik3R%2BCqhNakRUKNN1ZsqtnCrkiXWLQiUQq5HBBDGABcg%3D%3D%7Ctkp%3ABlBMUPChhK2EZg
NGP-8093 No Frills Workhorse Nvidia RTX 3090 Founders Edition,"$2,400.00",Shipping not specified,Brand New,https://www.ebay.com/itm/127234115816?_skw=PC&itmmeta=01K0HD122QG9X4FCHMW1NKPEZB&hash=item1d9fbe88e8:g:AqYAAeSwZExodp~x&itmprp=enc%3AAQAKAAAAwFkggFvd1GGDu0w3yXCmi1eKGUOyCSPlmcoATm26P0MU2iBXI0hbttO6QTPeOShpg5vOJAegfVB57sDq6VurWDBXUQFMZfhjaNDbUo9eiBYqKEt4iGqqACUeIt2wIyrJD3Egfhi%2Ft2Nt%2FHpUa%2BXfnZDM7Oq4FVw0O8SlUq%2FstVQsfGpE18Un1MUuzSmfYgP%2FDHneiXEQ%2BWsgHUZy4%2BiGtJhgZef%2B2y1CNTJoZvBecpbLcOYa%2FI0%2BtXqLYtwYfQ653A%3D%3D%7Ctkp%3ABlBMUPChhK2EZg
Assembled Computer Core I3 4GB 120GB Windows 11 Pro Office Use HDMI PC,$285.73,Free International Shipping,Brand New,https://www.ebay.com/itm/326683111482?_skw=PC&itmmeta=01K0HD122QDQ6F6EESN0TEY6N4&hash=item4c0fd4b03a:g:5vsAAeSwOSpocP9U&itmprp=enc%3AAQAKAAAAwFkggFvd1GGDu0w3yXCmi1dTBqn4LKZjR1r3BQEbC3VXEe%2FZ5vSA5tqwSVmM4bJH8lh32mT%2B1E0cbRFSwNdX6av3EoSEzB09EggDpCgx%2BfQq1LMss8leMoYv48AYt85AK2dceytN7zABISHghbCRWdWnlMR2Q3tC8hlXArULoh%2B%2FFnlgLz9GkYu8GFmOZMVeKbjMw9V86mgyfXkZUfbl6O9sK2dvEz%2B2Lt8DLI94VbRO1W%2BYjJRPF7fCsFTf8ZDJTA%3D%3D%7Ctkp%3ABk9SR_KhhK2EZg
"HP Desktop Computer PC i7, up to 16GB RAM 2TB SSD Windows, WiFi BT, Free AMD GPU",$129.00 to $340.20,+$323.65 delivery,Excellent - Refurbished,https://www.ebay.com/itm/365472448596?_skw=PC&itmmeta=01K0HD122QFEB4VYE6H63DW3M9&hash=item5517db0054:g:040AAOSw7ttn8BGg&itmprp=enc%3AAQAKAAAAwFkggFvd1GGDu0w3yXCmi1eRRevDHVkdyXUnx7rMsAs3EmnJ55K8L24tjyco4Mgx7KA9vpUzZ8v%2BRQGWg3eU8QoCIBlM1QMQmHwgDfocu2s%2B8f2JbkFp4VXZu8eVlDqZUmhcaDhy0j1sGgfE8b1HOsq47CKViMQU3BmFbl3R88O%2BCEvQbFt0wOlczmuwzDxa6pg86w%2FPrEpzxTMm32stQoIYr44uxfdamaLXP7puczEX8YkQo%2FIrbIaVtJytug3xcQ%3D%3D%7Ctkp%3ABk9SR_KhhK2EZg
Gaming Computer,$600.00,Shipping not specified,Pre-Owned,https://www.ebay.com/itm/317058638426?_skw=PC&itmmeta=01K0HD122QTVX5H9Z1V4FTDEQB&hash=item49d22ae25a:g:N3MAAeSwjxhoaZ05&itmprp=enc%3AAQAKAAAAwFkggFvd1GGDu0w3yXCmi1dtAZVlKx%2BhVZbqhQqtR1eTSNt7CwfTmz5q9O%2F%2BtbGlozTGRHEozVxTs5O9TEo2qRUrIxzgQ758ggzzpG%2FGgONUuJxzhhhIUpW%2Fk%2FzggfcZy15EISmN6Z1sXaVQLPtcd3a7ix05AqKTKQRKutplfGa9nSjvTZXqtsWKid4yXseawezkzsAeWE9shnDoKLw7ooyFBFkJ6Gpc%2BsT02cNw6h5q3UiLxrK0%2FdAEsUg42qS0pg%3D%3D%7Ctkp%3ABk9SR_KhhK2EZg
Assembled Computer I3 16GB 240GB 2TB 1GB GPU GT710 Win 10 Gaming Graphics PC,$482.11,Free International Shipping,Brand New,https://www.ebay.com/itm/326683108996?_skw=PC&itmmeta=01K0HD122QKQ1GKQ4D6M32XCC6&hash=item4c0fd4a684:g:-yQAAeSw8lxocP9X&itmprp=enc%3AAQAKAAAAwFkggFvd1GGDu0w3yXCmi1c0ns2CiLzT8PnYTcRMmliXv9YNnjbRpgPGFyjGJ9%2BLmXqRf50lS5cJmAG1SiaaiCCkxVU8ITYb14Nvl%2FHcLjpn1bD%2B7zcJBN7CGNOTTbLkIiPuO80vQFBY3wa3SV95LLe4%2Fq4puDLRjYB2Kp8vqX9Ra3sXpNQI7cjMb96eYqIK46PUQONJLZ2rFP7KfSOLevd4WwtsOpyK3PjxYghjisYAQkp4sSbUDE0e9J38FheSmw%3D%3D%7Ctkp%3ABk9SR_KhhK2EZg
"DELL Desktop Computer PC i7, up to 64GB RAM 16TB SSD/HDD, Windows 10/11, WiFi BT",$129.00 to $499.00,+$323.65 delivery,Excellent - Refurbished,https://www.ebay.com/itm/365203617523?_skw=PC&itmmeta=01K0HD122QXS52XYDMG0YBDR64&hash=item5507d4f6f3:g:6F8AAOSwZVRnftYa&itmprp=enc%3AAQAKAAAAwFkggFvd1GGDu0w3yXCmi1fT4pJ3N3NkJf0dKMj9o5w7YyIU%2F6XoaUNl%2Bqp3HfMyCJ4MDuo1seHVAwP7DqwV3SkUXQEMD2u68GARpAXCpAVTE%2BkeeBdRQVmxNROJE6A%2BGNdso6EvJjR4cq4eV2NME0ElgFFOQJ2M3LYMQWXjPYvwKwI5REZmDPSdSV%2FLC8mzleWNO4D9PUNycEjxJSpnMQJDJJPBLxj4ljc9bwd3Nnben%2FPZHLB3WCUci4AriWbQKQ%3D%3D%7Ctkp%3ABk9SR_KhhK2EZg
Budget Cheap Gaming PC Computer,$210.00,+$30.00 delivery,Pre-Owned,https://www.ebay.com/itm/116685699241?_skw=PC&itmmeta=01K0HD122QPTKTNT4BYX7FRAMX&hash=item1b2b0278a9:g:DxkAAeSwUK9oYUqG&itmprp=enc%3AAQAKAAAAwFkggFvd1GGDu0w3yXCmi1dd%2FJmVBolTVfW1j5JdMnAUlCNQIlSd0IAQsRnjfn46KUTfLO0TQmd7Nz0zwlP1xIVZLl9qB1a2M6e1XDYsthHylHuEi6WObwW%2B%2BPPOPkcIjBM6Aj5%2FbaKDLXa77LUD5l%2FYPxwMEVHWUsq%2B8yUmhbsjkNh422q20sB1Lfa8xU0ZWVgTFof6mKT0N3lc%2BuVYXETOdAXuecdKCeMThKIkUzpQ%2F9HpREz9fxsY8AEuQ0awww%3D%3D%7Ctkp%3ABk9SR_KhhK2EZg
ADVANTECH EMBEDDED AUTOMATION COMPUTER i7 2.6 GHz Dual-Core UNO-2484G-6731AE,$800.00,+$773.92 delivery,Pre-Owned,https://www.ebay.com/itm/177162622620?_skw=PC&itmmeta=01K0HD122RQ3529FD5TP4D5K7K&hash=item293fb7169c:g:UesAAOSwxpxoQtsh&itmprp=enc%3AAQAKAAAAwFkggFvd1GGDu0w3yXCmi1ce%2BvqKGykSVPEV2sodX41ydKh5RyYw3WxNv5gZiuSxDkb6v%2BykgljZWsplEJVWcT%2FgfLoSUK3cMr2eNfVppTUC7xYrK5I9tj0JZuUFCkZcEAVkVJZaS9Qs7eOHmOeys4CLCpX0ykjJWOk9ZanmGWvNQk0Vbvc1g%2BdnD8rA%2FjkfJ3QpVThlb%2FnomYlwh0BB5j2g1l21g5gPDN%2F87jBpzsxTJOshvrQv1DE2IWnU41Qv0Q%3D%3D%7Ctkp%3ABlBMUPKhhK2EZg
Destock Gaming PC | Threadripper 2950X | RTX 5070 TI 16gb | 32GB RAM | 1TB SSD,"$2,450.00",Shipping not specified,Open Box,https://www.ebay.com/itm/127232225816?_skw=PC&itmmeta=01K0HD122RFCX9MYGZJJ5FVMTT&hash=item1d9fa1b218:g:X-cAAOSwDl5oJRq2&itmprp=enc%3AAQAKAAAAwFkggFvd1GGDu0w3yXCmi1ej6YFwC7AEFFwowMB4Y8rstvxkUVH4%2BKZPhYoP8ETgSwFVWRDjVMZt9EIYbpf296yMibLUckSaDOngt2nXUyYiB8QaSmixfYeKq4ensf0Jq9KwDpenwGWlP7j4JyhSwBOfmy7wYVTGwLCnrJbWYsSCDHzgiIa049vapSR9i%2BFX3AlswYYGnJdpOUYirrNhJenlvyXjYErWNSUDd%2FpRDQVK1pbaVCc96W7ucnzWYiuTJg%3D%3D%7Ctkp%3ABlBMUPKhhK2EZg
Gaming computer/ office computer,$330.00,+$10.00 delivery,Pre-Owned,https://www.ebay.com/itm/365714580449?_skw=PC&itmmeta=01K0HD122RKRK4J27QNPKXT4PZ&hash=item552649a3e1:g:1fAAAeSwMHxoauM6&itmprp=enc%3AAQAKAAAA4FkggFvd1GGDu0w3yXCmi1dONTrFYL2AagPyrwp4%2BoLlXE9EGLnxGJbwr4V3bYWhmRyx5d9bcaSL%2Fs9cs3tQY2NzQpYPOJYFUFF%2BpASiBFmJ3i5R9uUN3xTSoKE2SQnjioFuvezzBprjd%2BfWyZHxv0R%2FGzymjjfqonwnzqUbpO%2FHwzlQIpJNZrMhlFl2GKIcku5hbI42uGgq79n7%2BYiY8PAKD3yc5TCdb1bc1ee2AWQPFpiq0Yoqpj5i9NTwE3aW6u1wmEXHpdkkZ3orzRpR%2FxVdNXcud7002aNns5zjV6j1%7Ctkp%3ABk9SR_KhhK2EZg
Custom Build ARGB Desktop i7 PC 32GB RAM 4TB SSD RTX 5060 Win11 GAMING READY,$298.49 to $899.49,Shipping not specified,Open Box,https://www.ebay.com/itm/135524527993?_skw=PC&itmmeta=01K0HD122RSVZSY183PWF9J5CJ&hash=item1f8de42f79:g:xN8AAeSw4S9odq7r&itmprp=enc%3AAQAKAAAA4FkggFvd1GGDu0w3yXCmi1fHKJ2I1BikVG22WnFnqc2yUsf8lskKmT5m%2FusbNJsHoGrfrunozEEqNukwKqWrxqqIdv6BAeUKF77rzZV7UdvNHFaYAn48nN6QlYUE77fthNntMwHYmlhDhzmBy5k4vg6%2FMYFhOnTg4xUAlPI1M13nvCCVS4pc5jX%2FMItQf0YE%2FmbjBKaD0Wgbh%2Fwzxk8vWf%2Bw3p5%2BgADsL8nqbXiG6qg%2FdVU5Q6jYPFis%2Ban9Z7VeFQ2v1G1suX8NVZQQvxlmcuGPfzdrZ9ULdOSnZOPYMDue%7Ctkp%3ABk9SR_KhhK2EZg
"DELL Desktop Computer PC i5 6TH, Up to 64GB RAM 5TB SSD/HDD, Windows 11, WiFi BT",$129.00 to $439.00,+$323.65 delivery,Excellent - Refurbished,https://www.ebay.com/itm/365181886411?_skw=PC&itmmeta=01K0HD122RGMJHYRQPG01295FF&hash=item5506895fcb:g:RKkAAOSwBN5oHOe5&itmprp=enc%3AAQAKAAAA4FkggFvd1GGDu0w3yXCmi1fcb%2FzZzRZn4Hr3%2FK9tkVeasK%2BneEesraKYXvKi2IYUw80uv9Q4CmaIDgFh7V%2Bv8a8QgOG4kSWhiwcO80ZId3jFnPtXSQDi39XAq%2BO3vwaGm7vEAKEMOV5bbuv7dpYxMmU6WuNQMK4Qg0%2ByLx%2BFx%2FNpMcR6SftIvlYOAL21%2FkpYmrepVWK3RTcHYrUtH6%2B5GkAT%2BbSv11wDYfpMiCUalPpkGrtxV2NTuIguU0zMYNR%2B19eporO88hKBKT4YH%2Boy7Fpxxw4FnKZEUuTn2Lff%2FGLa%7Ctkp%3ABk9SR_KhhK2EZg
"Dell ECT1250 Tower Desktop PC-Intel Core Ultra 5 225, UHD Graphics, Windows 11","$929.00 to $1,979.00",+$145.00 delivery,Brand New,https://www.ebay.com/itm/267293625388?_skw=PC&itmmeta=01K0HD122RNT560GCMKZQXN8YH&hash=item3e3bf10c2c:g:KWgAAOSwsmxoUTqo&itmprp=enc%3AAQAKAAAA4FkggFvd1GGDu0w3yXCmi1cbW0KCqDnCkdbsr9r2l4p4xl9krjs7Fsj7IstTNQsP7ZV3L%2Fw4dnvu4%2B1hU5d0DQDqYgHC4o3ldNpb8VF0Y7913qua5VxAa94I8knkN9X5Ae1s525hZjxTEOcWiAmx%2FWqaP%2BOIQ4VWWrgKvF1livHLXtxVs447nLd1VnSXOy7VlXyJ3%2BNeHp5Z0HlJOHVbGCePvqCOfI%2BgMCenqKcz2OtZfFqe%2BxEJfHqbAmrTe9Tooo%2FD3pU3JyQdqRJAo0cPoxl5JyKPcDiNYINe0HNGnh8L%7Ctkp%3ABk9SR_KhhK2EZg
"DELL Desktop Computer PC i5 6th, Up to 64GB RAM, 2TB NVMe m.2 SSD, Windows 10/11",$139.00 to $369.00,+$323.65 delivery,Excellent - Refurbished,https://www.ebay.com/itm/365050640812?_skw=PC&itmmeta=01K0HD122R2VXFZQEMPCXG17GT&hash=item54feb6b9ac:g:7E4AAOSwEUloHOo~&itmprp=enc%3AAQAKAAAA4FkggFvd1GGDu0w3yXCmi1ecBl1EpqCBGFl8iZgWhc%2FeCk6pgFhcBa8CJ3jTuQHsQbn59O%2BCwStTzfgJK5t9oRtr5ctDCglTO6CbmD97EYWlodaV39rzTM4pJE0IMOG7eS%2Bh%2FCF%2B10dDcTznax932B2yGokLIgZukepWZ59gYsDTnfyTXGRl7%2BzPupQ0lcHRxEoEpGmy3cF6yDduStqNWV2NFamTNMm2Ct0D%2F8h5mCXwSSHAR5xC9rWR%2FSfMxaQ5aDSzrWUgDDs9kEjmGJOeWam%2FT5UWmFnaXrR2fVDOPr3n%7Ctkp%3ABk9SR_KhhK2EZg
"HP Desktop Computer PC i7, up to 64GB RAM, 8TB SSD,  Windows 11 or 10, WiFi",$119.07 to $476.28,+$348.70 delivery,Excellent - Refurbished,https://www.ebay.com/itm/365197241494?_skw=PC&itmmeta=01K0HD122RCYBSDVD8BSNZRA35&hash=item550773ac96:g:V-QAAOSweHRnIod-&itmprp=enc%3AAQAKAAAA4FkggFvd1GGDu0w3yXCmi1d5bRPOFw5AVPekW59htXOYfpkp9tdRyvhSVqKl1jb%2BpQMmXOJE%2Bc081PN%2B9Tkt6Ijk%2B6hddUUjAienwgHex85S4Q15J23MMMR0kHgUA%2BqrtSxnWNaUJ0lvVanmq3FY7PeEAeqDMI3vxrS4cdBySAvQS5J1mGmkait07zuU3%2FOCA7TeaUWgKTMhHkqvI%2BSYJJqfbp2C8Ub5SfJt3Uu%2BIVWAC%2BYmhApdkbUHn9kc1hAh5NXTDdOaJBYmzIENOzFXdOr3bntTG0xxOCNkVEhhTyE%2B%7Ctkp%3ABk9SR_KhhK2EZg
"DELL Desktop Computer PC i5 6TH, 32GB RAM Up to 1TB M.2 SSD, Windows 11, WiFi BT",$179.00 to $289.00,+$323.65 delivery,Excellent - Refurbished,https://www.ebay.com/itm/364888939077?_skw=PC&itmmeta=01K0HD122RBK52NJ68Y36NZABA&hash=item54f5135a45:g:JDIAAOSw~7Bnwg-6&itmprp=enc%3AAQAKAAAA4FkggFvd1GGDu0w3yXCmi1djx6%2ByxNjK9umOenVYilqePOiIvqXJl1l3E4JcbGyU0FJzkrB2ViGNFzhVYq23UInMxVnV%2F2IU7s8sTZRRRJ7rS53OpzeSgunkh5qHaW0kK6uuEr9OMUOZjZTI%2BALtaO0j9LPfyOmSTZY20OCxcljeXZnrfqTcHJcJAFxRhYokADjhaccAy5MQnIuJeqT%2ByWvIaPgWnCkxEr9SOS5TNmoA%2B2Bp7wKGuRUdecA6bBZvwZ6JYppanaYfa%2Bs%2BQNc%2BJNUMuEPe4BGqMZAHmhVBgr%2Fr%7Ctkp%3ABk9SR_KhhK2EZg
Pc Computer Desktop Assembled Pentium 4Gb Ssd120Gb Windows 10 Pro,$288.74,Free International Shipping,Brand New,https://www.ebay.com/itm/226862550853?_skw=PC&itmmeta=01K0HD122R2RQJRVCZM74XFQDZ&hash=item34d20fcf45:g:ifYAAeSwXwJocbjJ&itmprp=enc%3AAQAKAAAA4FkggFvd1GGDu0w3yXCmi1eLXg1TClOJpNZPCEmvyNqjnrprtk7ZvxfaJUeg74D0B4WPlywB8n%2BAqwwiBYv1IVnaZOBGak1TvRlsf39zs8QK2xja9oDrbrk4SrYp09SW%2F%2BwrBNuYnVW4ZBjQWd56o5cQ27oRGtzWhpvbyyZHKEVbzfQXMsm59NHsjJ%2FrKMlgja36c5Fqk5SjkwPTRVSCmZ1HCAGnU0tc4b1VrvrXy5Lf8eTiFvroai81yxsWLir7Rc1OvfeP2zSbzGJXE9T2OcIthMbRvF02LOqprE08Vm8%2F%7Ctkp%3ABk9SR_KhhK2EZg
2025 SPECIAL BRC Gaming PC - i7-6700 16GB RAM 500GB SSD GTX 1060 Wi-Fi BT W10,$599.99,Shipping not specified,Brand New,https://www.ebay.com/itm/204424137461?_skw=PC&itmmeta=01K0HD122R5VHHZRV7JFWDMER4&hash=item2f98a0caf5:g:oaQAAOSwjo1k70nO&itmprp=enc%3AAQAKAAAA4FkggFvd1GGDu0w3yXCmi1d5NY6lcvxYHSbW%2FU6oRfFpckkLKXB8yCK2%2FqhIN%2BK2wwUltDFoW89DfsQrjMCLeiARL946zJvlcUlAs5DooKToRwapvlPnRHJHfhFGyeRc0RYYHQeZMhVTkhFGvmHKPyyUHT%2BxKYaScP2bJJl2gjrqqUjVExUeG41lbfwBfp5i0gf3ZNblF6o14Cx1QVD%2BxbyBQIb00G5it9fn7aUAni55MjAl4juF9StmFtxvXPZs9Sojh7z625t0Z3F4HwpzpQiaNNFQNdErZq7Vcez3Whuu%7Ctkp%3ABk9SR_KhhK2EZg
New ListingAsus Desktop PC ðŸ’» Intel Celeron CPU G1840 2.80GHz 6GB RAM Black âš«,$127.56,+$142.90 delivery,Pre-Owned,https://www.ebay.com/itm/157177078457?_skw=PC&itmmeta=01K0HD122RNZX1FQ5R7ZDH4WXX&hash=item24987be2b9:g:HlYAAOSwjsVn3lNz&itmprp=enc%3AAQAKAAAAwFkggFvd1GGDu0w3yXCmi1fNxL9cvJjYtP%2Bhtxhce8%2BWX%2BS2WrP4FjB66iT1glfF1XWVBqpMcOIwQXWHALBB2ZeuG0z95w3ePbRFEZ8fiuztE4AAQpbLEXyrY4cYFF6WkiORcpb2WQArdXbZqR%2BXB48hdoJ2GlXkF4mHTks59htDgZtpOIgQ5lhKQcdFccVIR4tiwZqWgsOaGvvp703b2KNN8%2FarfGB5h0X7cjFwki3pLt%2FXFlj2jUfUgQm7nIH%2F2w%3D%3D%7Ctkp%3ABk9SR_KhhK2EZg
pc used,$149.99,Shipping not specified,Pre-Owned,https://www.ebay.com/itm/127110616077?_skw=PC&itmmeta=01K0HD122RCKQ5EVNZDC83GTT3&hash=item1d9862140d:g:m7cAAOSwm7RoI~Xj&itmprp=enc%3AAQAKAAAAwFkggFvd1GGDu0w3yXCmi1fSYgJ5fC9Iun3CLRerqKG4tmpcHq7tdgUgHXfC7iH49i89Ge6pXvDSkKCHDUSZUAn%2FLxcyO%2FrFNxhuVTSGMNT6ip5cFZriF2EhcKtpgEjXu4JW5w8050hUFarzBqO4rr7jMDbDn92%2B5dxxYB%2Brh6TR5MBmNGe5DTvHk8rVx3Dd3RtE6k1e6UjjfJLxlfghfPSqR0WNqarSywiJExgi5k8JhieXD%2FTvT4J7toxnEg%2Bzbg%3D%3D%7Ctkp%3ABk9SR_KhhK2EZg
Custom-Built Desktop PC (Specs Below),"$1,200.00",Shipping not specified,Pre-Owned,https://www.ebay.com/itm/155738036911?_skw=PC&itmmeta=01K0HD122RJCWFP7KVY7FWGHP4&hash=item2442b5daaf:g:IEQAAOSwkctk6TnC&itmprp=enc%3AAQAKAAAA4FkggFvd1GGDu0w3yXCmi1ekVqLzwapfhW6xR13qwmky01NCqlChDNICzNcco7Y8VopMTCKRlyGFw5EYQiB9TlQWt6a8TDYdCc8O2tbl4RGXxPBu6%2FH5Z5Dk%2BQPY1MOQx7PLmJ6ltcPHUMhAcCSxtigMTMdHxOmgWljBG0I55qUrib59xYPp3VdF9Mb8N0OBqYywSTZCmlbPD29Q8h1c4x00bQxi%2FoASknva0yaToQhEyg0hlarfqkrKXvy%2BXcFcGX5MH76JmgeHe8%2BofaXkgcH16Sp1kXz5nHhHNWaM%2BlvY%7Ctkp%3ABk9SR_KhhK2EZg
ARGB Gaming Desktop Computer i7 PC 32GB RAM 2TB SSD RTX 3050 Win11 WIFI 6 BT,$259.49 to $679.49,Shipping not specified,Open Box,https://www.ebay.com/itm/388432385961?_skw=PC&itmmeta=01K0HD122RBT82EEVS1D3JW7ZG&hash=item5a705fd7a9:g:mMMAAOSw8AloKTsF&itmprp=enc%3AAQAKAAAAwFkggFvd1GGDu0w3yXCmi1e8GU72QyczXNlcqTgl8Jpr72EW4bBZ9nLwQSUKRXesPYXv9pjHzCVAaPwP6e9nIIFDxIdNkGPxyuhLaB1nojnW6uwu%2B0vEOZHmhKrBUnaO%2FASyTlO7QHbHy6uD8V3bIA2Q%2FKQPvtGLauN2v1ni6Adx4wDytIQNMLNlH03WKckvOV0C2mxUug81zpAbpvNs1uK9dfIlpEJBGMsPhDIqk%2B%2FiAZVF0hsrDuswhrIhuWOzCg%3D%3D%7Ctkp%3ABk9SR_ShhK2EZg
Pc Desktop Fixed Assembled Amd 8Gb Ssd 240Gb Windows 10 Pro Fast,$288.74,Free International Shipping,Brand New,https://www.ebay.com/itm/326683111146?_skw=PC&itmmeta=01K0HD122RXT1P3M2JRN037AMJ&hash=item4c0fd4aeea:g:4IwAAeSwbpJocZEe&itmprp=enc%3AAQAKAAAA4FkggFvd1GGDu0w3yXCmi1ekLENG5VAeiV8dckA9o5NzjC6NHPKMQjd8QpmdaKrNny9yxM4iUXipbFANJ2MYSG2cqJlEQniEDKGHh2zREykBzSwHmN7pHk2mWg%2BKgegyb%2F2cMUZkyR3tKeb4DznfXD1Zyk1rrN9D52xltWmwfpF%2Fi09xofrtwOA7SnM0UIqGiJgXSoYtjKNi5mKF%2BaaHjfNghOvDFREeJ%2B1pD3J9%2FQSU0bhOo%2FmTlJuBX8NEq6hbjUk7%2BJkmEWEH8qZXCy5uU4IRS5i4%2FamMIRzXGwo%2Fw4w2%7Ctkp%3ABk9SR_ShhK2EZg
Asus B150M-C D3 Intel Core I5 6600 Computer PC Windows 10 11 120GB SSD 8GB RAM,$177.28,+$126.36 delivery,Pre-Owned,https://www.ebay.com/itm/326646879386?_skw=PC&itmmeta=01K0HD122R13ENN104DVVFDV4G&hash=item4c0dabd49a:g:LFUAAOSwO5FoUpH5&itmprp=enc%3AAQAKAAAAwFkggFvd1GGDu0w3yXCmi1dkDjYAca%2BIjCQiPWquxsBWuhjWYtFDb8IgALeTgKa7FcWuVvLoDpQSUicLsGNhM%2BfiaJ4mGcf5RHnXEsM9cfxkoNomdVT1LQU797ZKS71t0qOTH9Iiq01y%2FnVxUUQm6nHzibmJwwYnTY8i%2FlY5riKCeANQGMEQ0laPCIVwt4WfFD43rwFrTpYa%2Fto%2FLHF7il3ulg7mnAug2ywoVmbzs0ZRlOzet3KSRyI9pLy446zWMg%3D%3D%7Ctkp%3ABk9SR_ShhK2EZg
computer desktop pc brand new,$662.00,+$75.61 delivery,Brand New,https://www.ebay.com/itm/145780744881?_skw=PC&itmmeta=01K0HD122RAY9KZFDGWWE2SD5Y&hash=item21f135a2b1:g:ro8AAOSwzhVmRuak&itmprp=enc%3AAQAKAAAA4FkggFvd1GGDu0w3yXCmi1ejhky3dDGHJd7SCmvlPtn2yxAEiPPFd7uvz9lVRH6rfm3BoXx5VDK9mXOy0nlmYRuoEMtgoFkY5eEJztZ7w7oorHcepoUkNnd12hq2uKbb464XSaWsVRJy6JsP3qxJChDcc8eSA%2Fva0%2BzxdSUPsiJN7kEYpP8MjvQmb0l1xNn2936CoElrv9TIlZP8ClYPqgtGqHq%2BMbZb8KtN%2BgR9eTaf%2FQ6fa%2FZB%2BhNWPGROXH%2FrC%2F2PLLEtaOHodmlw5i1gX0lbjXp%2BjVvN6CJBxR18WTpl%7Ctkp%3ABk9SR_ShhK2EZg
Asus H81M-Plus Intel Core i3 4170 Computer PC Windows 10 11 250GB SSD 8GB RAM,$163.85,+$134.99 delivery,Pre-Owned,https://www.ebay.com/itm/226501254885?_skw=PC&itmmeta=01K0HD122RS35RENRE5KYXKHC2&hash=item34bc86dee5:g:cgEAAOSwrZVmkBl5&itmprp=enc%3AAQAKAAAA4FkggFvd1GGDu0w3yXCmi1fzjneGV3Y8CWKCx5bSJ%2Bu8QH9ZQB5QMqw1jKACLI%2BxbFcDujTitSEgVF0eeMFwbeP8ntyRif77p3YowaLyCWSTWJFeYlibeRTMvBkLeLh66JKqSwzS85uiN86u4BrJJptixfCZ77NmVfAyhuuB1MQ7Jm9wgmfrZSPi0yAtyCY%2FSYkaR7MbVKDiXhrNVixFcNLY5bvyFL5XwxoShR%2FNtfFP20Cms8YkjnLGAZadXd0sqkYDWF3g6E9trL9lNeDhs4fAG4gROzqLf136AgW3wvnX%7Ctkp%3ABk9SR_ShhK2EZg
"Dell ECT1250 Tower Desktop PC-Intel Core Ultra 7 265, UHD Graphics, Windows 11","$1,179.00 to $2,229.00",+$145.00 delivery,Brand New,https://www.ebay.com/itm/267294801431?_skw=PC&itmmeta=01K0HD122SQGDZ2FNNDKTF907T&hash=item3e3c02fe17:g:KWgAAOSwsmxoUTqo&itmprp=enc%3AAQAKAAAAwFkggFvd1GGDu0w3yXCmi1e6Ipp0FfENPMHyrvysGZWR2PxIId1Nry5EcelqGDBYc7RUl%2BJyt9dD9xPsIjaO%2FZGYpyxV5opqAxSSog7kiIYCs401%2BfiMDxMHGZr0%2BHiMTXwEo%2Fj8B%2FOV2uOpThNfw2uiK9lEhlFsbM7KFqrhVJEsPEtW6qNaqqAmIieKz4z5IW6BDw08WnWM%2BKKzqfkrYVBxbj4IkH0N6Ec2OTu%2BfN%2FRR31nsNdi%2F8S8FP9F8nczhQ%3D%3D%7Ctkp%3ABk9SR_ShhK2EZg
"HP Mini Desktop Computer PC i7, up to 32GB RAM, 2TB SSD/HDD  Windows 11/10, WiFi",$129.00 to $392.70,+$278.75 delivery,Excellent - Refurbished,https://www.ebay.com/itm/365075771653?_skw=PC&itmmeta=01K0HD122SKHT640SN1CGV0FYS&hash=item5500363105:g:gEIAAOSwBFdoB-sR&itmprp=enc%3AAQAKAAAAsFkggFvd1GGDu0w3yXCmi1fZzPZmUL%2FXaCtYhvYNEPsD0nfWISlGbJYdFgeFAC225NrRWTI1J1c1%2FKZitd6kNtE%2FFJioO57igdR19D6xJGo73R5%2FM3bpyVr9NoIhNe2DPsjeE%2BXvFD%2B695OMCG4j0VNhBEUp4DXs5pnHUYCP3jzIpx7DVdPXfMRnHdjxwlDJXHjcULQHNVoILbG0pS1RX9%2BNCMX98Cj83fzDorxS1p4h%7Ctkp%3ABlBMUPShhK2EZg
"DYNICS INDUSTRIAL COMPUTER 55"" AMD FUSION WINDOWS XP LX55GMPXAIEM7E73SEBXXXX",$850.00,Shipping not specified,Open Box,https://www.ebay.com/itm/205059302078?_skw=PC&itmmeta=01K0HD122SDDS8Q36SASRXSSDQ&hash=item2fbe7ca2be:g:K14AAOSwJo1nGUN~&itmprp=enc%3AAQAKAAAAsFkggFvd1GGDu0w3yXCmi1dOu8WhQ6Uj9Zjr92NPRujnpBpf5g%2BTNJFNR9Wh%2BuqSeYdxqSYpwHprz%2FFaa1QjopzG0i9VGetsZnwKThqMhkhtih%2FQy%2FvFR%2F9M69QU9zDAuGk3x%2FUOAeB3IR49MQvlfjw3xh%2Ft%2FEL2SWIcMsY2w75gODJd0lwvLq7UL56XBcrmPbWeaaYenaij9pbLjuAjFC1dd4rVnfDmGqoplg8sHYZg%7Ctkp%3ABlBMUPShhK2EZg
